代码,名称,日期,收盘,ret5,ret20,ret60,位置分位,距250日高,ma20,ma60,趋势结构,量能比,amt20,样本天数,折算修正
sz159998,计算机ETF天弘,2026-09-22,0.962,4.34,1.58,-9.67,17.0,-18.54,0.9555,0.9832,均线纠缠偏空,0.47,65243876.05,1566,0
sz159997,电子ETF天弘,2026-09-22,2.135,6.91,4.61,-25.45,47.4,-25.45,2.068,2.1848,均线纠缠偏空,0.77,90591214.75,1581,0
sz159996,家电ETF国泰,2026-09-22,1.418,1.0,-0.84,-2.61,21.0,-13.33,1.4259,1.4229,均线纠缠偏空,0.48,67778841.15,1585,0
sz159995,芯片ETF华夏,2026-09-22,1.167,8.36,4.38,-30.99,41.8,-30.99,1.1221,1.2288,均线纠缠偏空,0.61,637724412.75,1610,1
sz159994,通信ETF银华,2026-09-22,1.321,6.62,7.05,-22.66,54.6,-24.94,1.2728,1.3061,均线纠缠偏多,0.65,233850632.5,1596,1
sz159993,证券ETF鹏华,2026-09-22,1.153,2.04,0.09,-5.95,21.8,-17.05,1.1664,1.1875,空头排列,0.36,68833217.25,1611,0
sz159992,创新药ETF银华,2026-09-22,0.867,5.47,-0.12,7.84,57.6,-11.98,0.8436,0.8629,均线纠缠偏多,0.61,703382282.45,1567,0
sz159980,有色ETF大成,2026-09-22,2.181,3.27,1.39,6.08,84.3,-3.84,2.1641,2.1279,多头排列,0.99,409911303.55,1637,0
sz159939,信息技术ETF广发,2026-09-22,1.128,6.92,4.83,-23.89,47.4,-23.89,1.0902,1.1472,均线纠缠偏空,0.43,30457834.2,2827,1
sz159938,医药ETF广发,2026-09-22,0.653,4.31,0.0,8.65,48.1,-13.05,0.6403,0.6459,均线纠缠偏多,0.87,36845009.5,2791,1
sz159930,能源ETF汇添富,2026-09-22,1.717,0.64,-2.33,16.88,65.3,-10.9,1.7356,1.6782,均线纠缠偏多,0.93,107329070.9,3161,0
sz159929,医药ETF汇添富,2026-09-22,1.335,4.13,-0.45,8.62,46.8,-13.31,1.3131,1.3256,均线纠缠偏多,0.7,59313818.75,3165,0
sz159928,消费ETF汇添富,2026-09-22,0.658,0.61,-0.9,6.99,19.2,-26.07,0.6653,0.663,均线纠缠偏空,0.53,243076903.35,3165,1
sz159892,恒生医药ETF华夏,2026-09-22,0.833,6.93,1.96,27.57,63.5,-13.32,0.8013,0.7633,多头排列,0.82,587325927.95,1199,0
sz159887,银行ETF富国,2026-09-22,1.373,-0.72,2.16,14.7,87.1,-1.86,1.3718,1.3241,多头排列,0.77,90173709.3,1299,0
sz159883,医疗器械ETF永赢,2026-09-22,0.445,4.71,0.45,7.49,26.7,-20.96,0.4373,0.4354,多头排列,0.75,56763034.2,1310,0
sz159876,有色ETF华宝,2026-09-22,0.939,0.43,-4.67,-2.9,30.7,-30.08,0.9736,0.9545,均线纠缠偏空,0.76,77811227.95,1335,1
sz159875,新能源ETF嘉实,2026-09-22,0.554,1.65,-5.62,-21.75,3.9,-30.66,0.5625,0.5889,空头排列,0.66,51126006.35,1237,0
sz159871,有色ETF银华,2026-09-22,0.921,0.44,-4.56,-2.13,28.1,-31.17,0.9547,0.9338,均线纠缠偏空,0.69,33574331.4,1331,1
sz159870,化工ETF鹏华,2026-09-22,0.772,0.52,-1.66,-10.44,30.1,-21.3,0.7957,0.7984,空头排列,0.46,350177178.65,1351,0
sz159869,游戏ETF华夏,2026-09-22,1.096,2.05,1.58,-0.18,14.4,-35.53,1.0965,1.0959,均线纠缠偏多,0.48,418307221.1,1349,0
sz159867,养殖ETF鹏华,2026-09-22,0.549,-0.72,0.55,9.8,29.2,-21.46,0.5602,0.5469,均线纠缠偏多,0.79,34544739.3,1349,0
sz159865,养殖ETF国泰,2026-09-22,0.539,-0.55,0.56,10.45,29.3,-21.43,0.5496,0.5366,均线纠缠偏多,0.96,225750296.5,1348,0
sz159859,生物医药ETF天弘,2026-09-22,0.404,5.21,0.0,12.85,60.9,-11.79,0.3922,0.3922,均线纠缠偏多,0.72,131847613.35,1266,0
sz159857,光伏ETF天弘,2026-09-22,0.699,3.86,-2.51,-21.28,10.0,-30.45,0.6976,0.722,均线纠缠偏空,0.54,44145421.9,1356,0
sz159852,软件ETF嘉实,2026-09-22,0.674,4.17,1.66,-1.61,7.4,-36.42,0.6683,0.684,均线纠缠偏空,0.64,380541999.95,1362,0
sz159851,金融科技ETF华宝,2026-09-22,0.617,4.75,0.65,-0.96,12.2,-36.39,0.6219,0.6161,均线纠缠偏多,0.88,277898486.85,1339,1
sz159842,券商ETF银华,2026-09-22,1.018,2.0,0.3,-4.95,24.4,-16.76,1.029,1.0443,空头排列,0.66,277357768.4,1339,0
sz159841,证券ETF天弘,2026-09-22,0.969,2.0,0.21,-4.91,23.9,-17.18,0.9799,0.9948,空头排列,0.53,245370546.6,1362,0
sz159840,锂电池ETF工银,2026-09-22,0.713,1.86,-6.06,-19.25,4.1,-29.96,0.7256,0.7632,空头排列,0.74,64082260.1,1234,0
sz159839,生物医药ETF汇添富,2026-09-22,0.376,5.32,0.27,12.91,60.9,-11.74,0.3647,0.3646,多头排列,0.68,40711478.5,1358,0
sz159828,医疗ETF国泰,2026-09-22,0.433,4.34,0.0,13.35,54.3,-11.99,0.4223,0.4153,多头排列,0.85,46174868.6,1382,0
sz159825,农业ETF富国,2026-09-22,0.736,0.68,1.1,11.52,31.5,-20.09,0.7513,0.7255,均线纠缠偏多,0.84,116739246.9,1391,0
sz159819,人工智能ETF易方达,2026-09-22,1.809,8.58,7.36,-18.95,51.9,-18.95,1.7309,1.8401,均线纠缠偏空,0.65,355397470.1,1454,0
sz159813,半导体ETF鹏华,2026-09-22,0.747,8.26,4.18,-25.5,51.8,-25.5,0.7188,0.7617,均线纠缠偏空,0.54,258414054.5,1539,2
sz159807,科技ETF易方达,2026-09-22,0.912,5.07,1.67,-22.18,49.6,-22.18,0.8962,0.9474,均线纠缠偏空,0.68,34825198.2,1575,1
sz159805,传媒ETF鹏华,2026-09-22,1.172,3.72,3.72,2.63,16.4,-36.44,1.1597,1.1512,多头排列,0.69,43969265.0,1562,0
sz159801,芯片ETF广发,2026-09-22,1.159,8.42,4.41,-30.81,41.8,-30.81,1.1138,1.2177,均线纠缠偏空,0.54,146954318.75,1604,1
sz159796,电池ETF汇添富,2026-09-22,0.791,1.67,-6.61,-24.52,3.8,-32.34,0.8043,0.8536,空头排列,0.71,168279951.0,1101,0
sz159792,港股通互联网ETF富国,2026-09-22,0.552,1.85,-3.83,5.14,7.3,-48.41,0.556,0.582,空头排列,0.62,1386285259.25,1209,0
sz159770,机器人ETF天弘,2026-09-22,0.97,3.41,-1.42,-18.28,10.9,-22.83,0.9734,1.0229,空头排列,0.54,93441009.4,1185,0
sz159768,房地产ETF银华,2026-09-22,0.464,11.0,6.91,20.21,29.2,-28.94,0.4341,0.4259,多头排列,1.62,42444040.6,1119,0
sz159766,旅游ETF富国,2026-09-22,0.553,1.84,-1.6,1.84,6.9,-33.93,0.5633,0.5595,均线纠缠偏空,0.9,174201955.2,1254,0
sz159758,红利质量ETF华夏,2026-09-22,1.107,1.28,-1.86,2.12,63.9,-5.22,1.1182,1.1115,均线纠缠偏空,0.63,38388469.4,1149,0
sz159755,电池ETF广发,2026-09-22,0.883,1.96,-6.06,-19.73,4.4,-30.47,0.8975,0.9469,空头排列,0.6,245605138.0,1275,0
sz159748,创新药ETF富国,2026-09-22,0.868,6.37,1.88,20.39,89.5,-3.02,0.8355,0.8161,多头排列,0.38,47787339.55,1166,0
sz159747,香港科技ETF南方,2026-09-22,1.136,2.99,-2.91,2.34,12.1,-32.62,1.1359,1.1715,均线纠缠偏空,0.3,32721288.65,1261,0
sz159745,建材ETF国泰,2026-09-22,0.527,2.73,-0.38,-5.39,6.9,-30.38,0.532,0.5327,空头排列,0.76,42852108.3,1279,0
sz159732,消费电子ETF华夏,2026-09-22,1.385,7.95,3.2,-27.86,42.4,-27.86,1.3387,1.4241,均线纠缠偏空,0.6,305795941.6,1233,0
sz159731,石化ETF华夏,2026-09-22,0.91,0.22,-1.94,-1.3,41.5,-18.75,0.9359,0.9231,均线纠缠偏空,0.81,53062774.9,1160,0
sz159715,稀土ETF易方达,2026-09-22,1.133,2.07,-2.33,-17.3,19.8,-25.75,1.1407,1.1657,空头排列,0.41,40737680.3,1219,0
sz159713,稀土ETF富国,2026-09-22,1.224,2.0,-2.55,-18.02,18.2,-26.31,1.2339,1.2647,空头排列,0.5,33029370.1,1238,0
sz159707,地产ETF华宝,2026-09-22,0.518,11.4,7.25,20.47,29.7,-28.65,0.4842,0.4753,多头排列,1.66,78862499.3,1181,0
sz159698,粮食ETF鹏华,2026-09-22,0.96,5.03,4.12,16.08,36.4,-20.53,0.9724,0.8996,均线纠缠偏多,1.69,213482163.8,751,0
sz159697,石油ETF鹏华,2026-09-22,1.324,0.61,-0.75,11.17,38.6,-25.11,1.3336,1.2899,均线纠缠偏多,0.69,48850499.05,825,0
sz159695,通信ETF嘉实,2026-09-22,1.007,7.24,7.7,-22.92,50.1,-26.65,0.9619,0.979,均线纠缠偏多,0.72,51967457.95,821,1
sz159692,证券ETF东财,2026-09-22,1.191,1.88,0.0,-6.07,25.4,-16.13,1.2038,1.2274,空头排列,0.47,73263309.7,812,0
sz159691,港股红利ETF工银,2026-09-22,1.175,-1.18,-4.32,8.2,27.1,-16.96,1.2084,1.1899,均线纠缠偏空,0.71,186287133.85,831,0
sz159688,恒生互联网ETF华安,2026-09-22,0.722,2.12,-4.12,1.26,7.2,-42.38,0.7281,0.7662,空头排列,0.66,78844531.25,877,0
sz159671,稀有金属ETF工银,2026-09-22,1.263,2.18,-4.39,-21.41,34.5,-27.62,1.2873,1.326,空头排列,0.45,33517573.8,860,0
sz159667,工业母机ETF国泰,2026-09-22,0.656,2.98,0.15,-28.23,44.1,-28.62,0.6517,0.6866,均线纠缠偏空,0.5,127413838.15,951,1
sz159665,半导体龙头ETF工银,2026-09-22,2.467,8.3,4.27,-30.05,43.9,-30.05,2.3717,2.5784,均线纠缠偏空,0.5,40304081.3,900,0
sz159663,机床ETF华夏,2026-09-22,0.986,3.14,0.41,-26.53,46.6,-26.75,0.9779,1.0257,均线纠缠偏空,0.46,70595935.0,951,1
sz159652,有色ETF汇添富,2026-09-22,1.562,0.26,-4.81,-0.38,30.7,-30.42,1.6228,1.588,均线纠缠偏空,0.69,148506404.2,882,0
sz159636,港股通科技30ETF工银,2026-09-22,0.507,3.47,-2.69,5.63,14.0,-36.74,0.5052,0.5191,均线纠缠偏空,0.34,226435365.45,1015,1
sz159625,绿色电力ETF嘉实,2026-09-22,1.204,-1.31,0.67,0.33,15.2,-15.69,1.2115,1.2111,均线纠缠偏空,0.79,35470773.4,1069,0
sz159622,创新药ETF东财,2026-09-22,1.219,6.09,1.5,20.45,85.0,-4.39,1.1777,1.1476,多头排列,0.5,81328400.75,822,0
sz159615,恒生生物科技ETF南方,2026-09-22,1.196,6.98,2.22,28.05,63.6,-13.33,1.1479,1.0939,多头排列,0.72,99949097.95,1031,0
sz159611,电力ETF广发,2026-09-22,1.034,-1.9,-0.1,0.19,13.9,-17.74,1.0457,1.0474,空头排列,0.52,340274866.55,1142,0
sz159608,稀有金属ETF广发,2026-09-22,1.027,1.99,-4.64,-21.72,32.7,-27.88,1.0488,1.0815,空头排列,0.41,73662662.45,1152,0
sz159599,芯片ETF东财,2026-09-22,2.82,8.92,3.71,-30.68,43.2,-30.68,2.7128,2.9718,均线纠缠偏空,0.62,143109950.4,581,0
sz159590,软件ETF汇添富,2026-09-22,0.888,4.35,2.66,0.79,11.7,-35.93,0.878,0.8854,均线纠缠偏多,0.66,39876251.85,459,0
sz159587,粮食ETF广发,2026-09-22,1.235,4.75,3.78,16.4,36.9,-20.73,1.2554,1.1593,均线纠缠偏多,1.16,97973351.45,505,0
sz159583,通信ETF富国,2026-09-22,1.733,7.37,8.18,-17.63,63.3,-19.92,1.658,1.6782,均线纠缠偏多,0.96,518517927.9,538,1
sz159582,半导体ETF博时,2026-09-22,0.765,6.99,2.82,-21.08,66.7,-21.61,0.7405,0.7897,均线纠缠偏空,0.73,85907837.7,594,1
sz159570,港股通创新药ETF汇添富,2026-09-22,1.476,4.98,0.61,17.24,33.1,-27.15,1.4478,1.4316,多头排列,0.59,1729907956.25,647,0
sz159569,港股红利低波ETF景顺,2026-09-22,1.388,0.51,-2.73,12.85,56.2,-8.14,1.4013,1.3737,均线纠缠偏多,0.81,62099783.1,506,0
sz159568,港股互联网ETF博时,2026-09-22,1.082,1.6,-3.99,4.44,7.0,-48.23,1.0928,1.1441,空头排列,0.41,50700707.3,627,0
sz159567,港股创新药ETF银华,2026-09-22,0.713,4.7,0.42,17.08,31.8,-28.41,0.7009,0.6921,多头排列,0.64,784594611.45,654,1
sz159566,储能电池ETF易方达,2026-09-22,1.746,2.77,-6.28,-23.05,6.0,-29.79,1.7726,1.8527,空头排列,0.65,236279256.85,634,0
sz159559,机器人ETF景顺,2026-09-22,1.186,4.22,-0.92,-17.64,13.9,-25.6,1.18,1.2413,均线纠缠偏空,0.43,54549856.5,675,0
sz159558,半导体设备ETF易方达,2026-09-22,1.123,6.95,1.45,-34.09,50.2,-34.59,1.0869,1.1799,均线纠缠偏空,0.7,1310102252.4,553,1
sz159557,恒生医疗ETF嘉实,2026-09-22,1.5,5.71,0.0,22.65,47.9,-19.7,1.4606,1.4098,多头排列,0.47,60929102.3,571,0
sz159547,红利低波ETF华夏,2026-09-22,1.202,-0.74,-0.91,9.87,59.3,-5.8,1.2193,1.1938,均线纠缠偏多,0.79,127877381.45,633,0
sz159546,集成电路ETF国泰,2026-09-22,0.793,10.14,6.3,-30.56,41.5,-30.56,0.7562,0.8244,均线纠缠偏空,0.72,49982323.95,712,1
sz159545,港股通红利低波ETF易方达,2026-09-22,1.279,-1.39,-3.33,7.03,24.8,-16.62,1.3081,1.3008,均线纠缠偏空,0.5,56343066.45,595,0
sz159530,机器人ETF易方达,2026-09-22,1.309,4.05,-0.98,-18.65,12.9,-26.3,1.3042,1.3775,均线纠缠偏空,0.46,440747926.55,649,0
sz159516,半导体设备ETF国泰,2026-09-22,0.714,6.73,1.28,-22.3,66.4,-23.01,0.6924,0.7347,均线纠缠偏空,0.67,2858378737.0,767,2
sz159507,通信ETF广发,2026-09-22,0.92,7.1,7.85,-17.64,57.6,-21.43,0.8781,0.878,多头排列,0.85,61466169.05,789,1
sz159506,港股通创新药医疗ETF富国,2026-09-22,1.328,7.01,1.37,23.08,46.7,-20.29,1.2856,1.2484,多头排列,0.84,499470097.0,785,0
sz159378,通用航空ETF永赢,2026-09-22,1.028,2.59,3.52,-10.3,10.0,-38.88,1.0241,1.0277,均线纠缠偏多,0.82,30160081.4,413,0
sz159366,港股医疗ETF永赢,2026-09-22,1.515,7.45,0.0,29.38,67.5,-11.97,1.4491,1.3706,多头排列,1.9,282394690.95,354,0
sz159327,半导体设备ETF万家,2026-09-22,1.147,6.9,1.41,-22.5,66.2,-23.47,1.1109,1.1722,均线纠缠偏空,0.63,166628323.85,519,1
sz159326,电网设备ETF华夏,2026-09-22,1.679,3.51,0.48,-19.59,42.8,-25.64,1.6573,1.687,均线纠缠偏空,0.55,427957401.05,494,0
sz159325,半导体ETF南方,2026-09-22,1.083,9.84,6.54,-26.54,51.7,-26.54,1.0204,1.1013,均线纠缠偏空,0.71,121313668.45,457,1
sz159323,港股通汽车ETF华夏,2026-09-22,0.955,-1.34,-10.24,-5.63,0.0,-34.99,1.0043,1.0498,空头排列,0.67,129551173.55,415,0
sz159320,电网设备ETF广发,2026-09-22,0.621,3.5,-0.64,-16.84,49.7,-22.13,0.6125,0.6239,均线纠缠偏空,0.46,39827697.25,424,1
sz159316,港股通创新药ETF易方达,2026-09-22,1.178,5.27,0.86,17.33,33.0,-27.51,1.1534,1.1411,多头排列,0.71,647446507.6,366,0
sz159309,油气ETF汇添富,2026-09-22,1.445,1.62,1.98,14.14,51.7,-21.93,1.4363,1.3667,多头排列,1.99,81713493.95,553,0
sz159307,红利低波100ETF博时,2026-09-22,1.006,-0.59,-2.14,6.01,32.0,-10.74,1.0236,1.0213,均线纠缠偏空,0.69,112417048.2,587,0
sz159303,恒生医疗ETF大成,2026-09-22,1.64,5.81,0.43,22.39,46.9,-19.92,1.5947,1.5418,多头排列,0.51,95042046.95,545,0
sz159297,港股通创新药ETF南方,2026-09-22,0.748,5.2,0.67,17.8,36.4,-24.9,0.7328,0.7241,多头排列,0.78,230777204.75,243,0
sz159286,港股通创新药ETF鹏华,2026-09-22,0.762,4.81,0.26,17.05,35.8,-25.07,0.7493,0.7396,多头排列,0.6,65831911.05,257,0
sz159281,港股央企红利ETF天弘,2026-09-22,0.966,-0.31,0.1,13.11,50.7,-10.14,0.9731,0.9424,均线纠缠偏多,0.95,33667420.15,257,0
sz159278,机器人ETF鹏华,2026-09-22,0.933,4.36,-0.85,-18.52,13.5,-26.01,0.9277,0.9775,均线纠缠偏空,0.33,67848977.4,272,0
sz159272,机器人ETF富国,2026-09-22,0.792,4.21,-0.88,-18.1,12.7,-26.33,0.7881,0.8314,均线纠缠偏空,0.37,83243277.55,244,0
sz159269,港股通科技ETF南方,2026-09-22,0.837,4.1,-1.88,2.83,12.4,-32.83,0.8321,0.8497,均线纠缠偏空,0.56,95338925.7,295,0
sz159267,航天ETF华安,2026-09-22,0.877,2.1,5.54,-7.88,13.0,-39.64,0.8709,0.8642,多头排列,0.62,88953588.25,279,0
sz159263,价值ETF易方达,2026-09-22,1.129,-1.05,-2.08,9.29,53.0,-8.8,1.1522,1.1334,均线纠缠偏空,0.9,322230317.7,297,0
sz159262,港股通科技ETF广发,2026-09-22,0.829,4.02,-1.31,-2.13,6.9,-36.18,0.8233,0.8537,均线纠缠偏空,0.49,236529980.6,298,0
sz159259,成长ETF易方达,2026-09-22,1.393,5.77,7.32,-21.57,53.9,-23.71,1.3427,1.3775,均线纠缠偏多,1.16,611150889.75,260,0
sz159241,航空航天ETF天弘,2026-09-22,1.064,2.11,5.56,-7.07,14.8,-38.07,1.057,1.0448,多头排列,0.83,94894384.05,324,0
sz159227,航空航天ETF华夏,2026-09-22,1.034,2.07,5.62,-7.43,14.1,-38.53,1.0271,1.0173,多头排列,0.44,159789126.0,333,0
sz159218,卫星ETF招商,2026-09-22,1.36,4.13,4.45,-20.37,17.0,-42.71,1.3333,1.3879,均线纠缠偏空,0.48,81678439.4,329,0
sz159217,港股通创新药ETF工银,2026-09-22,1.198,5.09,-0.08,17.8,33.2,-27.44,1.1753,1.1617,多头排列,0.59,467960913.65,360,0
sz159209,红利质量ETF招商,2026-09-22,1.125,0.63,-1.49,5.53,26.7,-15.29,1.1417,1.127,均线纠缠偏空,0.6,86181168.6,367,0
sz159207,高股息ETF广发,2026-09-22,1.134,-0.7,-1.56,6.88,47.1,-6.74,1.1477,1.1439,均线纠缠偏空,0.46,78384711.35,357,0
sz159206,卫星ETF永赢,2026-09-22,1.386,4.6,4.84,-21.03,25.4,-37.03,1.3547,1.4083,均线纠缠偏空,0.31,320887837.05,374,0
sz159202,恒生互联网ETF万家,2026-09-22,0.765,2.55,-3.53,1.86,7.7,-42.26,0.7695,0.8109,空头排列,0.51,77518812.2,352,0
sz159198,港股通信息技术ETF富国,2026-09-22,1.259,6.69,2.69,-12.87,59.2,-13.11,1.238,1.2441,均线纠缠偏多,0.33,75909510.65,118,0
sz159196,港股通信息技术ETF易方达,2026-09-22,1.254,6.81,2.62,-12.98,59.3,-13.1,1.2326,1.2391,均线纠缠偏多,0.46,184630038.0,119,0
sz159185,港股通信息技术ETF鹏华,2026-09-22,1.119,6.67,2.66,-12.85,38.5,-13.05,1.0989,1.1049,均线纠缠偏多,0.48,131948210.35,104,0
sz159167,港股通医疗ETF工银,2026-09-22,0.998,6.97,0.71,28.11,97.9,-0.6,0.9576,0.9051,多头排列,0.63,37859405.8,148,0
sz159157,有色金属ETF天弘,2026-09-22,0.811,0.87,-2.87,-3.91,18.1,-26.94,0.8355,0.8253,均线纠缠偏空,0.65,95254743.4,152,0
sz159147,电池ETF南方,2026-09-22,0.796,1.79,-6.68,-23.9,4.1,-31.73,0.8092,0.857,空头排列,1.17,32439634.6,162,0
sz159137,港股通医疗ETF华宝,2026-09-22,1.01,6.65,-0.1,28.66,73.5,-9.01,0.9716,0.9175,多头排列,0.94,72556860.2,171,0
sz159133,化工ETF天弘,2026-09-22,1.053,0.67,-1.5,-9.38,22.6,-20.23,1.0835,1.083,均线纠缠偏空,0.6,31826004.45,203,0
sz159131,港股通信息技术ETF华宝,2026-09-22,0.983,6.73,2.72,-13.16,60.5,-13.16,0.9654,0.9708,均线纠缠偏多,0.56,1200393202.8,211,0
sz159128,港股科技ETF天弘,2026-09-22,0.702,2.63,-3.17,5.09,16.3,-31.18,0.7045,0.7227,空头排列,0.53,30625487.7,211,0
sz159105,恒生生物科技ETF易方达,2026-09-22,0.981,6.98,1.66,27.4,77.8,-7.01,0.9446,0.9007,多头排列,0.72,92103528.1,219,0
sz159102,港股通生物科技ETF华安,2026-09-22,0.866,6.91,2.0,27.35,64.2,-12.7,0.8322,0.7942,多头排列,0.58,38889014.25,247,0
sz159101,港股通科技ETF华夏,2026-09-22,0.719,3.3,-2.71,5.43,13.5,-36.71,0.7175,0.7367,均线纠缠偏空,0.63,112279156.85,256,0
sz159033,粮食ETF国泰,2026-09-22,1.02,4.4,3.66,16.84,60.0,-9.25,1.0367,0.9569,均线纠缠偏多,1.7,46486863.2,77,0
sz159030,粮食ETF华夏,2026-09-22,0.901,4.89,3.8,17.17,59.9,-9.17,0.9147,0.8441,均线纠缠偏多,2.56,82850562.5,95,0
sh589720,科创创新药ETF国泰,2026-09-22,0.926,9.46,0.98,4.63,54.7,-14.73,0.8847,0.9166,均线纠缠偏多,0.69,572679932.35,279,0
sh589210,科创芯片设计ETF广发,2026-09-22,0.695,10.49,7.92,-27.95,42.0,-27.95,0.6595,0.7058,均线纠缠偏空,1.52,64318393.95,183,1
sh589190,科创芯片ETF华宝,2026-09-22,0.65,9.06,5.52,-25.88,51.4,-25.88,0.6226,0.6678,均线纠缠偏空,0.61,87266795.4,160,1
sh589130,科创芯片ETF易方达,2026-09-22,1.419,8.99,5.5,-27.19,49.2,-27.19,1.36,1.4668,均线纠缠偏空,0.75,182793552.85,173,0
sh589120,科创创新药ETF汇添富,2026-09-22,0.853,9.22,0.71,3.77,58.2,-12.96,0.8165,0.8456,均线纠缠偏多,0.67,121258288.65,244,0
sh589100,科创芯片ETF国泰,2026-09-22,0.922,8.98,5.37,-27.57,49.7,-27.57,0.8848,0.9536,均线纠缠偏空,0.7,43257307.95,359,1
sh589070,科创芯片设计ETF天弘,2026-09-22,1.104,11.29,8.45,-28.45,37.7,-28.45,1.0429,1.1198,均线纠缠偏空,1.29,288050514.45,162,0
sh589030,科创芯片设计ETF易方达,2026-09-22,1.178,11.03,8.07,-28.43,38.2,-28.43,1.1141,1.1949,均线纠缠偏空,1.02,101442239.7,166,0
sh589020,科创半导体设备ETF鹏华,2026-09-22,1.215,8.29,2.27,-25.76,63.4,-26.17,1.1658,1.2332,均线纠缠偏空,0.81,690468606.35,255,1
sh589010,科创人工智能ETF华夏,2026-09-22,1.44,10.6,8.03,-22.08,27.7,-22.08,1.3645,1.4616,均线纠缠偏空,0.5,55397755.55,357,0
sh588990,科创芯片ETF博时,2026-09-22,3.739,9.14,5.65,-27.4,51.8,-27.4,3.5784,3.855,均线纠缠偏空,0.71,37758035.85,510,0
sh588930,科创人工智能ETF银华,2026-09-22,1.592,10.4,7.71,-22.68,26.6,-22.68,1.5108,1.6257,均线纠缠偏空,0.62,35773514.45,411,0
sh588890,科创芯片ETF南方,2026-09-22,1.346,9.16,3.46,-28.77,49.6,-28.77,1.2904,1.4087,均线纠缠偏空,0.68,125374629.85,589,1
sh588830,科创新能源ETF鹏华,2026-09-22,1.184,4.69,-3.82,-26.37,10.2,-34.19,1.1761,1.2348,均线纠缠偏空,0.82,78820558.4,515,0
sh588810,科创芯片ETF富国,2026-09-22,1.277,8.87,5.85,-26.51,53.5,-26.51,1.2219,1.3119,均线纠缠偏空,0.64,123988557.95,414,1
sh588790,科创AIETF博时,2026-09-22,0.814,10.75,8.1,-22.18,27.5,-22.18,0.7711,0.8268,均线纠缠偏空,0.59,202503750.75,414,1
sh588780,科创芯片设计ETF国联安,2026-09-22,1.015,10.93,8.32,-28.97,42.9,-28.97,0.9601,1.0296,均线纠缠偏空,0.67,182383992.55,423,1
sh588760,科创人工智能ETF广发,2026-09-22,0.771,10.62,7.98,-22.28,27.5,-22.28,0.7304,0.7836,均线纠缠偏空,0.56,131470451.7,404,1
sh588750,科创芯片ETF汇添富,2026-09-22,2.381,8.97,5.26,-27.78,51.0,-27.78,2.2862,2.4669,均线纠缠偏空,0.77,230584266.55,423,0
sh588730,科创人工智能ETF易方达,2026-09-22,1.519,10.55,7.81,-22.3,30.1,-22.3,1.4409,1.5441,均线纠缠偏空,0.43,54929259.55,403,0
sh588710,科创半导体设备ETF华泰柏瑞,2026-09-22,1.031,8.18,2.28,-31.3,54.8,-32.29,0.9897,1.0967,均线纠缠偏空,0.88,1008321063.95,321,1
sh588700,科创医药ETF嘉实,2026-09-22,1.017,7.85,0.1,4.2,35.6,-18.9,0.9793,1.0053,均线纠缠偏多,0.54,40353425.1,658,0
sh588290,科创芯片ETF华安,2026-09-22,1.166,9.07,5.42,-25.18,55.6,-25.18,1.1179,1.1811,均线纠缠偏空,0.48,196318232.35,951,1
sh588200,科创芯片ETF嘉实,2026-09-22,1.191,9.07,5.4,-36.7,35.2,-36.7,1.142,1.2816,均线纠缠偏空,0.55,2511748011.4,951,1
sh588170,科创半导体ETF华夏,2026-09-22,0.995,7.92,1.95,-27.7,59.7,-28.78,0.9573,1.0286,均线纠缠偏空,0.92,4767561790.2,358,1
sh588160,科创新材料ETF南方,2026-09-22,1.081,4.44,1.5,-30.08,38.2,-30.62,1.0568,1.1237,均线纠缠偏空,1.06,202988105.55,951,0
sh588130,科创医药ETF华夏,2026-09-22,1.038,8.13,0.29,3.8,33.1,-20.09,0.9979,1.026,均线纠缠偏多,0.9,75980146.45,325,0
sh588110,科创成长ETF广发,2026-09-22,0.656,6.49,6.32,-19.46,62.8,-19.46,0.629,0.6353,均线纠缠偏多,0.83,52944671.1,742,1
sh588020,科创成长ETF易方达,2026-09-22,0.894,6.43,6.05,-30.26,42.0,-30.26,0.8571,0.8901,均线纠缠偏多,0.9,266891410.7,742,1
sh588010,科创新材料ETF博时,2026-09-22,1.056,4.45,1.73,-29.69,37.3,-31.16,1.0308,1.0975,均线纠缠偏空,0.69,112149662.85,951,0
sh563790,卫星ETF鹏华,2026-09-22,0.838,4.23,4.23,-20.42,11.6,-42.72,0.8214,0.8555,均线纠缠偏空,0.47,39191728.85,176,0
sh563530,卫星ETF易方达,2026-09-22,1.117,4.3,4.59,-20.1,17.5,-42.33,1.0936,1.1375,均线纠缠偏空,0.41,64140210.2,210,0
sh563380,航空航天ETF华泰柏瑞,2026-09-22,0.971,2.0,6.24,-6.63,17.5,-32.0,0.9633,0.9511,多头排列,0.56,38130607.5,215,0
sh563230,卫星ETF富国,2026-09-22,1.11,4.23,4.42,-20.6,16.1,-43.08,1.0876,1.1346,均线纠缠偏空,0.45,135911833.4,246,0
sh563020,红利低波ETF易方达,2026-09-22,1.168,-0.76,-0.93,10.08,49.8,-8.46,1.1837,1.1596,均线纠缠偏多,0.75,309925918.9,673,0
sh562950,消费电子ETF易方达,2026-09-22,1.602,7.23,5.95,-25.63,46.6,-25.63,1.5434,1.6259,均线纠缠偏空,0.95,127174905.3,1133,0
sh562930,软件ETF易方达,2026-09-22,0.706,4.44,2.17,-0.28,9.8,-34.93,0.6973,0.7113,均线纠缠偏空,0.73,52497708.5,803,0
sh562820,集成电路ETF嘉实,2026-09-22,0.99,10.37,6.45,-26.89,48.0,-26.89,0.9419,1.0104,均线纠缠偏空,0.6,30860610.95,590,1
sh562800,稀有金属ETF嘉实,2026-09-22,0.891,2.18,-4.5,-21.98,32.2,-28.2,0.9094,0.9384,空头排列,0.47,162626132.75,1210,0
sh562590,半导体设备ETF华夏,2026-09-22,1.01,6.99,1.2,-27.51,59.2,-28.48,0.9788,1.0503,均线纠缠偏空,0.67,421941275.15,714,1
sh562550,绿电ETF华夏,2026-09-22,1.125,-2.0,-0.18,0.36,13.8,-17.76,1.138,1.1397,空头排列,0.72,78839339.95,849,0
sh562510,旅游ETF华夏,2026-09-22,0.563,1.99,-1.57,1.81,7.8,-33.53,0.5729,0.5685,均线纠缠偏空,0.99,48533134.3,1147,0
sh562500,机器人ETF华夏,2026-09-22,0.934,3.09,-1.58,-18.78,9.9,-23.19,0.939,0.9874,空头排列,0.52,375909901.85,1148,0
sh561980,半导体设备ETF招商,2026-09-22,0.693,7.11,2.67,-25.96,59.2,-25.96,0.6701,0.7226,均线纠缠偏空,0.6,282341173.7,741,1
sh561910,电池ETF招商,2026-09-22,0.676,1.5,-6.76,-24.3,3.6,-32.26,0.6881,0.7296,空头排列,0.8,83089511.65,1240,0
sh561580,央企红利ETF华泰柏瑞,2026-09-22,1.258,0.48,0.08,15.2,65.1,-6.61,1.2661,1.2199,均线纠缠偏多,0.78,78946619.65,807,0
sh561560,电力ETF华泰柏瑞,2026-09-22,1.256,-1.72,0.08,0.32,15.4,-17.69,1.27,1.2715,空头排列,0.52,47120180.2,1061,0
sh561380,电网设备ETF国泰,2026-09-22,0.732,2.95,-1.35,-19.74,39.9,-25.98,0.726,0.7441,均线纠缠偏空,0.53,74161462.95,426,1
sh561360,石油ETF国泰,2026-09-22,1.482,1.02,0.68,11.09,50.2,-21.34,1.4882,1.4265,均线纠缠偏多,1.06,83086167.1,705,0
sh561330,矿业ETF国泰,2026-09-22,0.916,0.11,-5.08,-3.17,35.9,-29.32,0.9532,0.935,均线纠缠偏空,0.66,53603710.75,947,1
sh561170,绿色电力ETF富国,2026-09-22,1.135,-1.73,0.18,0.71,15.7,-17.51,1.1456,1.1462,空头排列,0.7,34695852.0,856,0
sh561160,电池ETF富国,2026-09-22,0.682,1.79,-6.83,-24.14,3.9,-31.94,0.6934,0.7353,空头排列,0.55,35252497.95,1023,0
sh561100,消费电子ETF富国,2026-09-22,1.666,7.62,6.05,-25.72,46.0,-25.72,1.6019,1.6887,均线纠缠偏空,0.66,49168091.9,1125,0
sh560860,工业有色ETF万家,2026-09-22,1.554,1.04,-2.63,-4.07,36.4,-28.42,1.5987,1.5805,均线纠缠偏空,0.55,269283916.7,859,0
sh560780,半导体设备ETF广发,2026-09-22,1.054,7.01,1.25,-27.96,58.6,-28.25,1.0211,1.0969,均线纠缠偏空,0.63,581960995.65,675,1
sh560710,船舶ETF富国,2026-09-22,0.985,3.79,9.44,12.96,50.6,-14.2,0.9486,0.9037,多头排列,1.61,87793999.75,152,0
sh560390,电网设备ETF易方达,2026-09-22,0.87,3.33,-0.57,-19.22,16.9,-24.35,0.8594,0.879,均线纠缠偏空,0.51,70334944.0,140,0
sh560280,工程机械ETF广发,2026-09-22,1.441,-2.17,-4.06,-5.13,2.1,-24.4,1.4906,1.5241,空头排列,0.47,86600498.75,706,0
sh560170,央企科技ETF南方,2026-09-22,1.259,4.66,4.39,-17.93,54.5,-17.93,1.2341,1.2676,均线纠缠偏空,0.88,35797138.55,782,0
sh560090,证券ETF汇添富,2026-09-22,1.15,2.22,0.52,-4.72,24.7,-16.97,1.1603,1.1777,空头排列,0.62,94202416.55,857,0
sh560080,中药ETF汇添富,2026-09-22,0.945,2.16,-1.46,7.63,30.7,-16.89,0.9483,0.9686,空头排列,0.43,37553422.2,958,0
sh526000,港股通信息技术ETF华夏,2026-09-22,1.209,6.9,2.63,-12.64,53.8,-12.83,1.1871,1.193,均线纠缠偏多,0.72,426288952.7,114,0
sh520990,港股央企红利ETF景顺,2026-09-22,0.98,-0.51,-2.78,9.38,37.5,-12.5,0.9986,0.971,均线纠缠偏多,0.36,85688997.45,537,0
sh520980,港股通科技ETF汇添富,2026-09-22,0.846,3.93,-1.4,-1.63,6.7,-36.53,0.8421,0.8728,均线纠缠偏空,0.48,194604367.2,301,0
sh520970,港股通创新药ETF嘉实,2026-09-22,0.943,6.67,1.84,29.18,69.2,-11.29,0.9071,0.86,多头排列,0.97,90933444.85,275,0
sh520900,港股通红利ETF广发,2026-09-22,0.992,-0.7,-2.07,8.53,34.1,-13.21,1.0079,0.9859,均线纠缠偏多,0.59,51431138.0,537,0
sh520880,港股通创新药ETF华宝,2026-09-22,0.466,5.43,1.08,17.97,32.5,-28.2,0.4561,0.4501,多头排列,0.6,289536752.65,298,1
sh520700,港股通创新药ETF万家,2026-09-22,1.69,6.36,1.81,29.4,69.6,-11.05,1.6299,1.5423,多头排列,1.05,437308465.1,476,0
sh520690,港股创新药ETF博时,2026-09-22,0.755,5.59,0.94,17.42,32.2,-28.37,0.7377,0.7296,多头排列,0.72,76928752.05,279,0
sh520660,港股通央企红利ETF南方,2026-09-22,0.985,-0.81,-2.28,7.89,32.6,-13.44,1.0018,0.9773,均线纠缠偏多,0.73,84102455.45,537,0
sh520650,港股通互联网ETF南方,2026-09-22,0.571,1.42,-4.19,4.01,8.7,-42.5,0.5773,0.6043,空头排列,0.52,70816916.4,214,0
sh520600,港股通汽车ETF广发,2026-09-22,0.936,-0.32,-9.3,-5.36,0.8,-33.9,0.9762,1.0212,空头排列,0.64,104776360.25,421,0
sh520550,港股红利低波ETF招商,2026-09-22,1.077,-0.83,-2.45,7.59,26.3,-16.51,1.0956,1.0863,均线纠缠偏空,0.65,30992658.85,403,0
sh520510,港股通医疗ETF华夏,2026-09-22,0.988,7.27,-0.2,28.48,66.7,-12.1,0.9488,0.8972,多头排列,1.85,392594890.15,275,0
sh520500,恒生创新药ETF华泰柏瑞,2026-09-22,1.43,4.92,-0.76,15.6,29.1,-30.18,1.4085,1.4027,多头排列,0.64,1037205999.6,422,0
sh517900,银行AH优选ETF招商,2026-09-22,1.572,-0.57,2.08,15.76,87.3,-1.93,1.5735,1.5153,均线纠缠偏多,0.84,37325558.25,1092,0
sh517380,创新药ETF天弘,2026-09-22,0.897,6.91,2.16,22.37,93.5,-1.97,0.8589,0.8338,多头排列,0.9,91403275.6,1243,0
sh517110,创新药ETF国泰,2026-09-22,0.815,6.68,1.37,19.5,86.4,-3.89,0.7855,0.7686,多头排列,0.73,40922048.9,1207,0
sh516920,芯片ETF汇添富,2026-09-22,1.419,9.07,3.88,-30.85,42.9,-30.85,1.3636,1.4947,均线纠缠偏空,0.64,30872733.4,1238,0
sh516860,金融科技ETF博时,2026-09-22,1.064,4.62,0.66,-1.02,13.0,-35.59,1.0718,1.0595,均线纠缠偏多,0.83,60259244.95,1205,0
sh516810,农业ETF华夏,2026-09-22,0.759,0.53,1.07,12.11,32.7,-19.6,0.7742,0.7465,均线纠缠偏多,0.83,79936103.05,1140,0
sh516780,稀土ETF华泰柏瑞,2026-09-22,0.819,1.87,-2.27,-17.61,17.9,-26.75,0.8258,0.8455,空头排列,0.55,48400352.85,1348,1
sh516670,畜牧养殖ETF招商,2026-09-22,0.608,-0.65,0.83,10.75,32.1,-20.0,0.6189,0.6039,均线纠缠偏多,0.72,42503996.1,1334,0
sh516650,有色金属ETF华夏,2026-09-22,1.764,0.28,-5.01,-0.62,30.0,-30.58,1.834,1.7948,均线纠缠偏空,0.73,167758861.0,1278,0
sh516640,芯片ETF富国,2026-09-22,1.461,8.87,3.69,-30.49,43.5,-30.49,1.4046,1.5388,均线纠缠偏空,0.53,118197657.35,1229,0
sh516630,云计算ETF华夏,2026-09-22,1.642,5.59,3.27,-3.53,32.6,-17.69,1.6108,1.6513,均线纠缠偏空,0.4,37273695.7,1224,0
sh516620,影视ETF国泰,2026-09-22,0.887,6.87,8.57,8.97,19.3,-36.51,0.8617,0.8372,多头排列,0.89,53144019.75,1186,0
sh516570,石化ETF易方达,2026-09-22,0.994,0.4,-1.68,-1.09,43.3,-18.32,1.0227,1.0081,均线纠缠偏空,0.57,30906450.15,1279,0
sh516510,云计算ETF易方达,2026-09-22,1.684,5.85,3.44,-3.61,32.3,-17.37,1.6486,1.6914,均线纠缠偏空,0.64,111411345.5,1327,0
sh516350,芯片ETF易方达,2026-09-22,1.653,8.89,3.77,-30.95,43.4,-30.95,1.5895,1.7442,均线纠缠偏空,0.51,125991355.6,1152,0
sh516310,银行ETF易方达,2026-09-22,1.39,-0.71,1.98,14.5,86.7,-1.91,1.3901,1.3432,均线纠缠偏多,0.67,143547782.0,1293,0
sh516160,新能源ETF南方,2026-09-22,2.334,1.52,-5.35,-21.97,3.7,-31.01,2.3698,2.4846,空头排列,0.63,111978438.45,1365,0
sh516150,稀土ETF嘉实,2026-09-22,1.673,1.83,-2.68,-18.39,16.6,-27.48,1.689,1.7336,空头排列,0.63,111437981.9,1341,0
sh516120,化工ETF富国,2026-09-22,0.846,0.71,-1.74,-10.1,33.4,-20.71,0.871,0.8728,空头排列,0.88,85347590.9,1347,0
sh516100,金融科技ETF华夏,2026-09-22,1.035,4.65,0.78,-0.19,14.1,-35.11,1.0421,1.0278,均线纠缠偏多,0.75,39357422.15,1254,0
sh516090,新能源ETF易方达,2026-09-22,0.464,1.53,-5.31,-21.36,4.3,-30.12,0.4711,0.4925,空头排列,0.54,30457780.0,1338,1
sh516080,创新药ETF易方达,2026-09-22,0.693,5.64,0.14,7.78,62.4,-10.23,0.674,0.6882,均线纠缠偏多,0.63,159639369.6,1357,0
sh516020,化工ETF华宝,2026-09-22,0.827,0.73,-1.55,-10.11,32.4,-20.79,0.8505,0.8528,空头排列,0.61,99178494.2,1348,0
sh516010,游戏ETF国泰,2026-09-22,1.089,2.25,1.68,-0.18,14.7,-35.49,1.0883,1.0878,多头排列,0.62,88443336.05,1349,0
sh516000,大数据ETF华夏,2026-09-22,0.946,5.23,2.27,-4.15,18.3,-24.08,0.932,0.9549,均线纠缠偏空,0.49,31008757.1,1353,0
sh515980,人工智能ETF华富,2026-09-22,1.038,6.35,5.27,-20.52,49.0,-20.52,1.0125,1.0683,均线纠缠偏空,0.7,199234626.55,1610,1
sh515970,工程机械ETF华夏,2026-09-22,0.805,-2.07,-4.17,-4.51,2.0,-23.04,0.8324,0.8486,空头排列,0.9,81125799.9,148,0
sh515880,通信ETF国泰,2026-09-22,0.707,8.27,9.1,-17.89,61.1,-21.68,0.6718,0.6807,均线纠缠偏多,0.75,2961629028.85,1708,2
sh515850,证券ETF富国,2026-09-22,1.335,2.14,0.45,-4.64,26.6,-15.98,1.3489,1.3678,空头排列,0.7,66501649.45,1601,0
sh515790,光伏ETF华泰柏瑞,2026-09-22,0.817,3.81,-2.51,-21.59,8.0,-30.94,0.8153,0.8458,均线纠缠偏空,0.51,108713234.25,1398,0
sh515700,新能源车ETF平安,2026-09-22,2.028,2.01,-5.94,-17.96,4.4,-31.28,2.0702,2.1668,空头排列,1.16,37436082.8,1610,0
sh515650,消费50ETF富国,2026-09-22,1.048,-0.95,-2.69,8.04,32.1,-15.82,1.068,1.0582,均线纠缠偏空,0.45,45591555.65,1668,0
sh515630,证券保险ETF鹏华,2026-09-22,1.259,1.78,0.64,-0.87,22.3,-19.04,1.2711,1.2758,空头排列,0.4,37004245.65,1571,0
sh515450,红利低波50ETF南方,2026-09-22,1.391,-0.93,-1.56,6.18,45.0,-6.64,1.4066,1.4022,均线纠缠偏空,0.81,173641526.5,1598,0
sh515400,大数据ETF富国,2026-09-22,0.861,5.39,2.38,-4.01,16.9,-25.58,0.8477,0.8702,均线纠缠偏空,0.49,78802293.15,1376,0
sh515300,300红利低波ETF嘉实,2026-09-22,1.304,-1.06,-0.31,9.95,61.8,-5.3,1.3155,1.2918,均线纠缠偏多,0.71,137695208.5,1700,0
sh515290,银行ETF天弘,2026-09-22,1.506,-0.73,1.96,14.7,85.0,-2.21,1.5078,1.4559,均线纠缠偏多,0.57,71871326.05,1392,0
sh515260,电子ETF华宝,2026-09-22,0.854,6.48,4.27,-26.51,45.2,-26.51,0.8315,0.8837,均线纠缠偏空,0.66,61389516.15,1492,1
sh515230,软件ETF国泰,2026-09-22,0.694,4.36,2.51,0.43,11.1,-36.68,0.6863,0.6928,均线纠缠偏多,0.59,179036987.6,1352,0
sh515220,煤炭ETF国泰,2026-09-22,1.292,1.73,-0.84,21.09,65.7,-9.65,1.302,1.2338,均线纠缠偏多,0.71,875391854.95,1595,1
sh515210,钢铁ETF国泰,2026-09-22,1.138,0.18,-2.65,-0.61,5.9,-32.1,1.1641,1.1583,均线纠缠偏空,0.62,72926595.5,1595,0
sh515180,红利ETF易方达,2026-09-22,1.423,0.07,-1.52,11.43,68.2,-4.56,1.4428,1.407,均线纠缠偏多,0.79,358988893.15,1639,0
sh515170,食品饮料ETF华夏,2026-09-22,0.461,1.32,-0.65,5.98,16.9,-24.8,0.4628,0.4636,空头排列,0.47,67671529.85,1381,0
sh515120,创新药ETF广发,2026-09-22,0.65,5.52,0.15,7.79,57.1,-12.16,0.6319,0.6462,均线纠缠偏多,0.53,434848171.65,1388,0
sh515100,红利低波100ETF景顺,2026-09-22,1.396,-0.57,-1.2,7.47,29.9,-13.99,1.4115,1.4038,均线纠缠偏空,0.74,126620584.85,1512,1
sh515080,中证红利ETF招商,2026-09-22,1.556,-1.02,-2.38,10.35,52.7,-7.77,1.5887,1.5516,均线纠缠偏多,0.89,366992444.65,1634,0
sh515070,人工智能ETF华夏,2026-09-22,1.144,8.44,7.32,-17.96,53.9,-17.96,1.0951,1.1637,均线纠缠偏空,0.7,111457473.15,1637,1
sh515060,房地产ETF华夏,2026-09-22,0.62,10.12,6.53,8.77,32.7,-21.22,0.5881,0.5781,多头排列,1.34,50382762.7,1630,0
sh515050,通信ETF华夏,2026-09-22,1.079,6.73,7.26,-22.76,54.7,-25.02,1.0379,1.0663,均线纠缠偏多,0.74,916681679.85,1686,1
sh515030,新能源车ETF华夏,2026-09-22,1.514,2.09,-6.02,-18.16,4.3,-31.24,1.5459,1.6199,空头排列,0.99,116340444.75,1593,0
sh515020,银行ETF华夏,2026-09-22,1.799,-0.66,2.04,14.88,87.3,-1.85,1.7983,1.7353,多头排列,0.93,144209644.7,1652,0
sh515010,证券ETF华夏,2026-09-22,1.232,2.07,0.41,-4.86,25.0,-16.64,1.2446,1.2628,空头排列,0.52,53240128.4,1670,0
sh515000,科技ETF华宝,2026-09-22,1.296,5.97,4.77,-24.3,49.2,-24.3,1.2556,1.3268,均线纠缠偏空,0.66,142865126.8,1723,1
sh513980,港股科技ETF景顺,2026-09-22,0.595,3.66,-2.46,4.39,13.2,-32.77,0.5929,0.6033,均线纠缠偏空,0.5,238013688.15,1269,0
sh513930,恒生生物科技ETF华泰柏瑞,2026-09-22,1.095,6.93,1.96,27.47,98.6,-0.36,1.0523,1.0041,多头排列,0.61,64753523.5,130,0
sh513920,港股通央企红利ETF华安,2026-09-22,1.562,-0.13,-0.13,10.08,43.3,-10.69,1.5767,1.5437,均线纠缠偏多,0.96,127444246.2,658,0
sh513910,港股通央企红利ETF华夏,2026-09-22,1.573,-0.44,0.19,12.84,53.3,-9.08,1.5867,1.538,均线纠缠偏多,0.73,105733779.25,623,0
sh513860,港股通科技ETF海富通,2026-09-22,0.596,4.01,-1.81,3.65,13.2,-32.73,0.5933,0.6032,均线纠缠偏空,0.68,100880704.25,1269,0
sh513820,港股通红利ETF汇添富,2026-09-22,1.219,-0.57,-3.94,10.52,43.4,-11.02,1.2433,1.2221,均线纠缠偏空,0.81,65789171.4,575,0
sh513780,港股创新药ETF景顺,2026-09-22,1.754,6.89,1.8,29.07,69.9,-10.96,1.6874,1.5996,多头排列,0.97,574634801.9,467,0
sh513770,港股互联网ETF华宝,2026-09-22,0.34,2.1,-3.41,4.94,7.4,-48.09,0.3414,0.357,空头排列,0.61,321826668.65,1117,1
sh513750,港股通非银ETF广发,2026-09-22,1.525,1.26,0.59,8.54,26.3,-19.74,1.5414,1.5161,均线纠缠偏多,0.51,499250548.6,686,0
sh513700,港股通医药ETF鹏华,2026-09-22,0.656,5.47,0.31,24.48,55.9,-15.79,0.6379,0.6123,多头排列,0.62,92479582.95,1244,0
sh513690,港股红利ETF博时,2026-09-22,1.12,0.09,-4.6,10.45,57.6,-6.51,1.1431,1.1235,均线纠缠偏空,0.53,103372206.0,1299,0
sh513630,港股低波红利ETF摩根,2026-09-22,1.55,-0.45,-3.37,7.19,35.6,-10.82,1.5804,1.5691,均线纠缠偏空,0.67,226065475.15,677,0
sh513620,港股医疗ETF银华,2026-09-22,1.144,6.62,0.35,28.4,96.6,-0.95,1.0992,1.039,多头排列,1.05,37812683.95,91,0
sh513530,港股通红利ETF华泰柏瑞,2026-09-22,1.558,-0.64,-3.95,9.56,34.6,-14.16,1.596,1.5723,均线纠缠偏空,1.04,264354443.1,1073,0
sh513360,教育ETF博时,2026-09-22,0.472,2.83,1.72,12.11,34.6,-20.4,0.4712,0.4564,多头排列,0.47,43422439.0,1279,0
sh513330,恒生互联网ETF华夏,2026-09-22,0.355,2.01,-4.31,1.72,7.0,-42.65,0.3583,0.3771,空头排列,0.72,1169026417.25,1363,0
sh513310,中韩半导体ETF华泰柏瑞,2026-09-22,4.937,6.06,4.62,-26.17,62.5,-26.17,4.7798,5.0204,均线纠缠偏空,0.8,9387323606.0,910,0
sh513280,恒生生物科技ETF汇添富,2026-09-22,1.177,7.1,1.99,27.8,64.3,-12.94,1.1311,1.0782,多头排列,0.84,79843945.25,1017,0
sh513240,港股通信息技术ETF华安,2026-09-22,1.037,6.58,2.57,-12.78,38.3,-12.86,1.0197,1.0259,均线纠缠偏多,0.4,69011580.45,97,0
sh513200,港股通医药ETF易方达,2026-09-22,1.107,6.14,0.64,25.23,57.1,-15.69,1.0733,1.0291,多头排列,0.64,126237222.9,1122,0
sh513190,港股通金融ETF华夏,2026-09-22,1.855,0.49,3.06,15.5,81.1,-3.03,1.8555,1.7798,均线纠缠偏多,0.99,494245403.75,719,0
sh513160,港股科技ETF银华,2026-09-22,0.94,4.1,-1.57,-0.63,7.4,-35.35,0.9352,0.9668,均线纠缠偏空,0.51,140092706.05,1124,0
sh513150,港股通科技ETF华泰柏瑞,2026-09-22,0.941,3.63,-2.18,3.07,12.3,-32.64,0.9377,0.9559,均线纠缠偏空,0.81,44006266.8,1122,0
sh513140,港股通金融ETF华泰柏瑞,2026-09-22,1.733,1.05,2.12,13.27,83.2,-2.75,1.7337,1.682,均线纠缠偏多,0.7,42830315.0,896,0
sh513120,港股创新药ETF广发,2026-09-22,1.357,6.93,2.26,28.26,68.6,-11.42,1.3016,1.2372,多头排列,0.87,5622955438.7,1021,0
sh513090,香港证券ETF易方达,2026-09-22,1.814,1.17,-0.66,1.97,18.4,-22.68,1.8479,1.8377,均线纠缠偏空,0.57,3423426069.8,1577,0
sh513070,港股通消费ETF易方达,2026-09-22,1.019,-1.64,-8.77,-1.36,0.0,-31.33,1.0636,1.0937,空头排列,0.55,56166434.35,1093,0
sh513060,恒生医疗ETF博时,2026-09-22,0.592,5.53,0.51,22.57,46.5,-20.32,0.5756,0.5552,多头排列,0.64,416532870.4,1333,0
sh513040,港股通互联网ETF易方达,2026-09-22,0.885,1.61,-4.43,3.39,5.9,-49.28,0.8947,0.9378,空头排列,0.44,302398739.35,798,0
sh513020,港股科技ETF国泰,2026-09-22,0.929,3.8,-2.21,3.34,13.1,-32.68,0.9266,0.9444,均线纠缠偏空,0.56,101296083.4,1125,0
sh512980,传媒ETF广发,2026-09-22,0.836,3.85,3.59,2.2,16.1,-36.76,0.8282,0.8231,多头排列,0.77,297985157.0,2105,0
sh512940,有色ETF华安,2026-09-22,0.801,0.25,-5.43,-3.26,21.0,-28.1,0.8329,0.8172,均线纠缠偏空,0.74,41923256.65,144,0
sh512930,AI人工智能ETF平安,2026-09-22,0.641,8.28,7.19,-19.17,49.0,-19.17,0.6138,0.6533,均线纠缠偏空,0.6,104753396.3,1718,1
sh512900,证券ETF南方,2026-09-22,1.059,2.22,0.28,-4.94,23.7,-17.14,1.0703,1.0859,空头排列,0.69,82657919.95,2293,0
sh512890,红利低波ETF华泰柏瑞,2026-09-22,1.187,-0.75,0.17,11.25,68.2,-4.51,1.1966,1.1685,均线纠缠偏多,0.7,765324573.7,1862,1
sh512880,证券ETF国泰,2026-09-22,1.069,2.1,0.19,-5.06,23.4,-17.26,1.0808,1.0974,空头排列,0.58,1772775488.9,2460,0
sh512820,银行ETF汇添富,2026-09-22,1.473,-0.74,2.08,14.63,86.2,-2.0,1.4739,1.4234,均线纠缠偏多,0.98,112724717.1,1900,0
sh512810,军工ETF华宝,2026-09-22,0.677,2.42,6.11,-9.25,18.3,-29.33,0.6673,0.6671,多头排列,0.69,30584485.35,2450,1
sh512800,银行ETF华宝,2026-09-22,0.839,-0.47,2.19,14.31,86.1,-1.99,0.8388,0.8102,多头排列,0.79,884378598.9,2220,1
sh512760,芯片ETF国泰,2026-09-22,1.112,8.59,4.32,-29.84,44.2,-29.84,1.0686,1.1682,均线纠缠偏空,0.62,345687836.4,1769,2
sh512710,军工龙头ETF富国,2026-09-22,0.642,1.58,6.64,-6.41,14.5,-34.42,0.6357,0.6283,多头排列,0.65,276853764.6,1716,1
sh512700,银行ETF南方,2026-09-22,1.501,-0.92,-1.05,11.1,41.2,-12.48,1.5112,1.4824,均线纠缠偏多,0.91,112981975.0,2226,0
sh512690,酒ETF鹏华,2026-09-22,0.415,1.22,-1.66,5.6,13.1,-33.92,0.4197,0.4216,空头排列,0.44,371273783.65,1795,2
sh512680,军工ETF广发,2026-09-22,1.195,2.31,6.51,-8.64,18.1,-30.76,1.1769,1.1745,多头排列,0.59,58819253.35,2418,0
sh512670,国防ETF鹏华,2026-09-22,0.793,1.93,7.31,-8.32,22.5,-28.3,0.7835,0.7715,多头排列,0.74,76260377.9,1733,1
sh512660,军工ETF国泰,2026-09-22,1.168,2.55,6.67,-8.75,18.0,-30.56,1.1491,1.148,多头排列,0.72,309539216.75,2460,0
sh512630,卫星ETF广发,2026-09-22,1.116,4.1,4.49,-20.17,16.5,-42.65,1.0943,1.1381,均线纠缠偏空,0.5,92453343.95,227,0
sh512570,证券ETF易方达,2026-09-22,1.076,2.09,0.37,-4.95,24.1,-16.78,1.0877,1.1043,空头排列,0.62,142134268.05,2211,0
sh512560,军工ETF易方达,2026-09-22,0.737,2.65,6.66,-7.99,20.7,-28.86,0.7243,0.7217,多头排列,0.6,48570233.2,2221,1
sh512480,半导体ETF国联安,2026-09-22,1.051,9.02,4.27,-29.05,48.1,-29.05,1.0081,1.0954,均线纠缠偏空,0.67,1170382157.15,1769,2
sh512400,有色金属ETF南方,2026-09-22,1.733,0.46,-8.6,-6.53,23.8,-33.22,1.8395,1.8302,均线纠缠偏空,0.55,910045737.35,2199,0
sh512290,生物医药ETF国泰,2026-09-22,1.054,5.51,0.09,10.37,59.3,-11.95,1.0272,1.03,均线纠缠偏多,0.65,88579927.85,1786,0
sh512200,房地产ETF南方,2026-09-22,1.288,10.18,6.45,8.6,31.0,-22.18,1.2228,1.203,多头排列,1.56,183338021.35,2183,0
sh512170,医疗ETF华宝,2026-09-22,0.348,4.82,0.29,13.73,53.8,-12.34,0.3389,0.3334,多头排列,0.7,364481506.15,1766,1
sh512070,证券保险ETF易方达,2026-09-22,0.791,1.54,0.25,0.89,19.4,-20.42,0.7988,0.7986,均线纠缠偏空,0.49,425177818.6,2706,1
sh512040,价值ETF富国,2026-09-22,1.197,0.42,-1.32,5.18,55.9,-7.21,1.2107,1.2001,均线纠缠偏空,0.83,214810575.3,1897,1
sh512010,医药ETF易方达,2026-09-22,0.384,4.07,0.26,9.71,50.0,-14.29,0.3767,0.3775,均线纠缠偏多,0.55,289436827.25,2705,1
sh512000,券商ETF华宝,2026-09-22,0.511,2.0,0.39,-4.84,24.3,-17.18,0.5168,0.5245,空头排列,0.67,952854182.45,2433,1
sh511850,招商财富宝ETF,2026-09-22,100.005,0.0,0.0,0.01,27.8,-0.04,100.0053,100.005,均线纠缠偏空,0.7,43902287.65,1327,0
sh510880,红利ETF华泰柏瑞,2026-09-22,3.38,-0.06,-0.85,15.91,79.7,-3.37,3.4229,3.2901,均线纠缠偏多,0.61,484129606.4,4784,0
sh510810,上海国企ETF汇添富,2026-09-22,0.846,2.17,1.32,3.17,21.1,-14.72,0.8439,0.84,多头排列,5.11,68827131.15,2437,0
sh510720,红利国企ETF国泰,2026-09-22,1.05,0.38,-1.69,16.15,76.4,-4.11,1.0669,1.0281,均线纠缠偏多,0.47,102436203.5,576,0
sh510630,消费ETF华夏,2026-09-22,0.801,1.52,-1.6,7.09,25.7,-19.5,0.8093,0.806,均线纠缠偏空,0.63,43807352.05,3254,1
sh510230,金融ETF国泰,2026-09-22,1.337,0.3,1.52,9.5,47.7,-8.67,1.3408,1.3111,均线纠缠偏多,0.72,92442219.65,3728,1
