代码,名称,类别,AUM,日均量,剔除原因,剔除说明,主题
ACES,ALPS Clean Energy ETF,Miscellaneous Sector,109155312.0,64653.0,illiquid,规模 1.09 亿美元 ≤ 2 亿,
AGIX,KraneShares Public-Private AI &,Technology,771405950.0,154141.0,dedup,同主题「人工智能」，代表为 BAI iShares A.I. Innovation and Tec,人工智能
AIPO,Defiance AI & Power Infrastruct,Technology,902248000.0,1226225.0,,,AI电力基建
AIQ,Global X Artificial Intelligenc,Technology,10174134300.0,1809731.0,dedup,同主题「人工智能」，代表为 BAI iShares A.I. Innovation and Tec,人工智能
AIRR,First Trust RBA American Indust,Industrials,9450259500.0,714288.0,,,再工业化
AIS,VistaShares Artificial Intellig,Technology,950883710.0,545622.0,dedup,同主题「人工智能」，代表为 BAI iShares A.I. Innovation and Tec,人工智能
ALAI,Alger AI Enablers & Adopters ET,Technology,1093259650.0,76179.0,illiquid,3 月日均量 7.6 万股 ≤ 10 万股,
ARKF,ARK Blockchain & Fintech Innova,Technology,818739970.0,136276.0,,,金融科技
ARKG,ARK Genomic Revolution ETF,Health,2020345090.0,3731420.0,,,基因治疗
ARKX,ARK Space & Defense Innovation ,Technology,768021440.0,667380.0,,,太空
ARTY,iShares Future AI & Tech ETF,Technology,3960813310.0,517961.0,dedup,同主题「人工智能」，代表为 BAI iShares A.I. Innovation and Tec,人工智能
BAI,iShares A.I. Innovation and Tec,Technology,13980526600.0,3152730.0,,,人工智能
BATT,Amplify Lithium & Battery Techn,Natural Resources,128053712.0,41793.0,illiquid,规模 1.28 亿美元 ≤ 2 亿,
BBC,Virtus Biotech Clinical Trials ,Health,50319076.0,21693.0,illiquid,规模 0.50 亿美元 ≤ 2 亿,
BBRE,JPMorgan BetaBuilders MSCI U.S.,Real Estate,1260180610.0,40923.0,illiquid,3 月日均量 4.1 万股 ≤ 10 万股,
BCTK,Baron Technology ETF,Technology,235082720.0,44539.0,illiquid,3 月日均量 4.5 万股 ≤ 10 万股,
BETZ,Roundhill Sports Betting & iGam,Consumer Cyclical,50436696.0,23950.0,illiquid,规模 0.50 亿美元 ≤ 2 亿,
BILT,iShares Infrastructure Active E,Infrastructure,113349296.0,62109.0,illiquid,规模 1.13 亿美元 ≤ 2 亿,
BIZD,VanEck BDC Income ETF,Financial,1724331140.0,3091225.0,not_carrier,BDC 收益型产品，按分红属性聚合，驱动力是利率与信用利差,
BKGI,BNY Mellon Global Infrastructur,Infrastructure,1576524160.0,466722.0,dedup,同主题「全球基建」，代表为 IGF iShares Global Infrastructure E,全球基建
BOAT,SonicShares Global Shipping ETF,Industrials,97938848.0,42866.0,illiquid,规模 0.98 亿美元 ≤ 2 亿,
BOTT,Themes Humanoid Robotics ETF,Technology,62433488.0,22992.0,illiquid,规模 0.62 亿美元 ≤ 2 亿,
BOTZ,Global X Robotics & Artificial ,Technology,3438523900.0,742034.0,,,机器人
BPRO,Bitwise Proficio Currency Debas,Miscellaneous Sector,0.0,8185.0,illiquid,规模 0.00 亿美元 ≤ 2 亿,
BUG,Global X Cybersecurity ETF,Technology,1732260350.0,1330300.0,dedup,同主题「网络安全」，代表为 CIBR First Trust NASDAQ Cybersecurit,网络安全
CANC,Tema Oncology ETF,Health,211090240.0,33906.0,illiquid,3 月日均量 3.4 万股 ≤ 10 万股,
CCNR,ALPS/CoreCommodity Natural Reso,Natural Resources,471583040.0,33607.0,illiquid,3 月日均量 3.4 万股 ≤ 10 万股,
CGW,Invesco S&P Global Water Index ,Natural Resources,1055542340.0,24669.0,illiquid,3 月日均量 2.5 万股 ≤ 10 万股,
CHAT,Roundhill Generative AI & Techn,Technology,1829867650.0,481450.0,dedup,同主题「人工智能」，代表为 BAI iShares A.I. Innovation and Tec,人工智能
CHPS,Xtrackers Semiconductor Select ,Technology,107060728.0,33350.0,illiquid,规模 1.07 亿美元 ≤ 2 亿,
CHPX,Global X AI Semiconductor & Qua,Technology,119383616.0,67111.0,illiquid,规模 1.19 亿美元 ≤ 2 亿,
CIBR,First Trust NASDAQ Cybersecurit,Technology,16119134200.0,1587073.0,,,网络安全
CLOU,Global X Cloud Computing ETF,Technology,382466336.0,390307.0,dedup,同主题「云计算」，代表为 SKYY First Trust Cloud Computing ETF,云计算
COAL,Range Global Coal Index ETF,Equity Energy,58910828.0,39092.0,illiquid,规模 0.59 亿美元 ≤ 2 亿,
COPJ,Sprott Junior Copper Miners ETF,Natural Resources,182177760.0,75511.0,illiquid,规模 1.82 亿美元 ≤ 2 亿,
COPP,Sprott Copper Miners ETF,Natural Resources,304235808.0,101450.0,dedup,同主题「铜矿」，代表为 COPX Global X Copper Miners ETF,铜矿
COPX,Global X Copper Miners ETF,Natural Resources,8443984900.0,3010357.0,,,铜矿
CRAK,VanEck Oil Refiners ETF,Equity Energy,452384160.0,393304.0,,,炼油
CSEN,Cohen & Steers Future of Energy,Equity Energy,0.0,36844.0,illiquid,规模 0.00 亿美元 ≤ 2 亿,
CSRE,Cohen & Steers Real Estate Acti,Real Estate,572797380.0,143580.0,dedup,同主题「房地产REIT」，代表为 IYR iShares U.S. Real Estate ETF,房地产REIT
DFAR,Dimensional US Real Estate ETF,Real Estate,1736720000.0,2621396.0,dedup,同主题「房地产REIT」，代表为 IYR iShares U.S. Real Estate ETF,房地产REIT
DFNL,Davis Select Financial ETF,Financial,483099040.0,34176.0,illiquid,3 月日均量 3.4 万股 ≤ 10 万股,
DISK,Tema Memory ETF,Technology,0.0,322465.0,illiquid,规模 0.00 亿美元 ≤ 2 亿,
DRAM,Roundhill Memory ETF,Technology,26017624100.0,56649228.0,,,存储芯片
DRIV,Global X Autonomous & Electric ,Miscellaneous Sector,373723328.0,45093.0,illiquid,3 月日均量 4.5 万股 ≤ 10 万股,
DRNZ,REX Drone ETF,Industrials,115467816.0,137033.0,illiquid,规模 1.15 亿美元 ≤ 2 亿,
DTCR,Global X Data Center & Digital ,Real Estate,2143491710.0,1018453.0,,,数据中心REIT
EIPX,FT Energy Income Partners Strat,Equity Energy,583982140.0,38817.0,illiquid,3 月日均量 3.9 万股 ≤ 10 万股,
ELFY,ALPS Electrification Infrastruc,Utilities,195955120.0,36669.0,illiquid,规模 1.96 亿美元 ≤ 2 亿,
EUAD,Select STOXX Europe Aerospace &,Industrials,1142662270.0,153385.0,,,国防·欧洲
EUV,Corgi Lithography & Semiconduct,Technology,425545664.0,940298.0,,,半导体设备
EXI,iShares Global Industrials ETF,Industrials,1431256960.0,56004.0,illiquid,3 月日均量 5.6 万股 ≤ 10 万股,
FAI,First Trust Bloomberg Artificia,Technology,174642336.0,59865.0,illiquid,规模 1.75 亿美元 ≤ 2 亿,
FAN,First Trust Global Wind Energy ,Miscellaneous Sector,244763264.0,96877.0,illiquid,3 月日均量 9.7 万股 ≤ 10 万股,
FBT,First Trust Amex Biotech Index ,Health,2913227260.0,72655.0,illiquid,3 月日均量 7.3 万股 ≤ 10 万股,
FCG,First Trust Natural Gas ETF,Equity Energy,676024130.0,746373.0,,,天然气
FCLD,Fidelity Cloud Computing ETF,Technology,144661520.0,28258.0,illiquid,规模 1.45 亿美元 ≤ 2 亿,
FCOM,Fidelity MSCI Communication Ser,Communications,1792066430.0,237253.0,dedup,同主题「通信服务」，代表为 XLC State Street Communication Serv,通信服务
FDIS,Fidelity MSCI Consumer Discreti,Consumer Cyclical,1692495100.0,80058.0,illiquid,3 月日均量 8.0 万股 ≤ 10 万股,
FDN,First Trust DJ Internet Index F,Technology,5410252800.0,267684.0,,,互联网
FDTX,Fidelity Disruptive Technology ,Technology,287904800.0,45046.0,illiquid,3 月日均量 4.5 万股 ≤ 10 万股,
FENY,Fidelity MSCI Energy Index ETF,Equity Energy,2140013950.0,1220969.0,dedup,同主题「能源」，代表为 XLE State Street Energy Select Sect,能源
FHLC,Fidelity MSCI Health Care Index,Health,3476249340.0,243839.0,dedup,同主题「医疗保健」，代表为 XLV State Street Health Care Select,医疗保健
FIDU,Fidelity MSCI Industrials Index,Industrials,2283852030.0,130141.0,dedup,同主题「工业」，代表为 XLI State Street Industrial Select ,工业
FINX,Global X FinTech ETF,Technology,174752448.0,68136.0,illiquid,规模 1.75 亿美元 ≤ 2 亿,
FIW,First Trust Water ETF,Natural Resources,1878429820.0,49507.0,illiquid,3 月日均量 5.0 万股 ≤ 10 万股,
FMAT,Fidelity MSCI Materials Index E,Natural Resources,619519040.0,54434.0,illiquid,3 月日均量 5.4 万股 ≤ 10 万股,
FNCL,Fidelity MSCI Financials Index ,Financial,2396029700.0,108446.0,dedup,同主题「金融」，代表为 XLF State Street Financial Select S,金融
FNGS,MicroSectors FANG  ETNs due Jan,Technology,604311680.0,23930.0,illiquid,3 月日均量 2.4 万股 ≤ 10 万股,
FOTO,Tuttle Capital Pure Play Photon,Technology,130365480.0,369055.0,illiquid,规模 1.30 亿美元 ≤ 2 亿,
FREL,Fidelity MSCI Real Estate Index,Real Estate,1476172290.0,277260.0,dedup,同主题「房地产REIT」，代表为 IYR iShares U.S. Real Estate ETF,房地产REIT
FRI,First Trust S&P REIT Index Fund,Real Estate,196046992.0,39688.0,illiquid,规模 1.96 亿美元 ≤ 2 亿,
FRNW,Fidelity Clean Energy ETF,Miscellaneous Sector,96929144.0,70419.0,illiquid,规模 0.97 亿美元 ≤ 2 亿,
FRWD,Nomura Transformational Technol,Technology,276454976.0,49539.0,illiquid,3 月日均量 5.0 万股 ≤ 10 万股,
FSTA,Fidelity MSCI COnsumer Staples ,Consumer Defensive,1414283140.0,126465.0,dedup,同主题「必需消费」，代表为 XLP State Street Consumer Staples S,必需消费
FTEC,Fidelity MSCI Information Techn,Technology,21250689000.0,265704.0,dedup,同主题「科技综合」，代表为 XLK State Street Technology Select ,科技综合
FTRI,First Trust Indxx Global Natura,Natural Resources,130803040.0,36779.0,illiquid,规模 1.31 亿美元 ≤ 2 亿,
FTXH,First Trust Nasdaq Pharmaceutic,Health,1054381310.0,606058.0,dedup,同主题「制药」，代表为 PPH VanEck Pharmaceutical ETF,制药
FTXL,First Trust Nasdaq Semiconducto,Technology,1220477060.0,258369.0,dedup,同主题「半导体」，代表为 SOXX iShares PHLX SOX Semiconductor ,半导体
FTXN,First Trust Nasdaq Oil & Gas ET,Equity Energy,167902432.0,701312.0,illiquid,规模 1.68 亿美元 ≤ 2 亿,
FTXO,First Trust Nasdaq Bank ETF,Financial,294426880.0,82430.0,illiquid,3 月日均量 8.2 万股 ≤ 10 万股,
FTXR,First Trust Nasdaq Transportati,Industrials,1027303230.0,137926.0,dedup,同主题「运输」，代表为 IYT iShares U.S. Transportation ETF,运输
FUTY,Fidelity MSCI Utilities Index E,Utilities,2250777860.0,399355.0,dedup,同主题「公用事业」，代表为 XLU State Street Utilities Select S,公用事业
FXH,First Trust Health Care AlphaDE,Health,1149107710.0,59052.0,illiquid,3 月日均量 5.9 万股 ≤ 10 万股,
FXL,First Trust Technology AlphaDEX,Technology,2774372100.0,159592.0,dedup,同主题「科技综合」，代表为 XLK State Street Technology Select ,科技综合
FXN,First Trust Energy AlphaDEX Fun,Equity Energy,401326400.0,1556728.0,dedup,同主题「能源」，代表为 XLE State Street Energy Select Sect,能源
FXO,First Trust Financials AlphaDEX,Financial,1122567040.0,46707.0,illiquid,3 月日均量 4.7 万股 ≤ 10 万股,
FXR,First Trust Industrials AlphaDE,Industrials,727687100.0,31509.0,illiquid,3 月日均量 3.2 万股 ≤ 10 万股,
FXU,First Trust Utilities AlphaDEX ,Utilities,781084420.0,242704.0,dedup,同主题「公用事业」，代表为 XLU State Street Utilities Select S,公用事业
FXZ,First Trust Materials AlphaDEX ,Natural Resources,397256096.0,38642.0,illiquid,3 月日均量 3.9 万股 ≤ 10 万股,
GBUG,Sprott Active Gold & Silver Min,Equity Precious Metals,196535680.0,33174.0,illiquid,规模 1.97 亿美元 ≤ 2 亿,
GDX,VanEck Gold Miners ETF,Equity Precious Metals,30543091700.0,22062071.0,,,金矿
GDXJ,VanEck Junior Gold Miners ETF,Equity Precious Metals,9630824400.0,4761390.0,dedup,同主题「金矿」，代表为 GDX VanEck Gold Miners ETF,金矿
GII,State Street SPDR S&P Global In,Infrastructure,941213120.0,44522.0,illiquid,3 月日均量 4.5 万股 ≤ 10 万股,
GNOM,Global X Genomics & Biotechnolo,Health,91900472.0,33979.0,illiquid,规模 0.92 亿美元 ≤ 2 亿,
GNR,State Street SPDR S&P Global Na,Natural Resources,5137096200.0,327755.0,,,自然资源
GOAU,US Global GO Gold and Precious ,Equity Precious Metals,216814896.0,27622.0,illiquid,3 月日均量 2.8 万股 ≤ 10 万股,
GPZ,VanEck Alternative Asset Manage,Financial,259329104.0,185422.0,,,另类资管
GRID,First Trust NASDAQ Clean Edge S,Infrastructure,11838994400.0,592628.0,,,智能电网
GUNR,Northern Trust Morningstar Glob,Natural Resources,7299177000.0,534500.0,dedup,同主题「自然资源」，代表为 GNR State Street SPDR S&P Global Na,自然资源
GXPC,Global X PureCap MSCI Communica,Communications,113400240.0,160712.0,illiquid,规模 1.13 亿美元 ≤ 2 亿,
GXPD,Global X PureCap MSCI Consumer ,Consumer Cyclical,55223928.0,47803.0,illiquid,规模 0.55 亿美元 ≤ 2 亿,
GXPS,Global X PureCap MSCI Consumer ,Consumer Defensive,71112904.0,23196.0,illiquid,规模 0.71 亿美元 ≤ 2 亿,
GXPT,Global X PureCap MSCI Informati,Technology,138568816.0,153966.0,illiquid,规模 1.39 亿美元 ≤ 2 亿,
HACK,Amplify Cybersecurity ETF,Technology,3038403840.0,272260.0,dedup,同主题「网络安全」，代表为 CIBR First Trust NASDAQ Cybersecurit,网络安全
HAP,VanEck Natural Resources ETF,Natural Resources,322047776.0,35079.0,illiquid,3 月日均量 3.5 万股 ≤ 10 万股,
HTEC,Robo Global Healthcare Technolo,Health,76471336.0,27915.0,illiquid,规模 0.76 亿美元 ≤ 2 亿,
HUMN,Roundhill Humanoid Robotics ETF,Technology,94354648.0,112442.0,illiquid,规模 0.94 亿美元 ≤ 2 亿,
HYDR,Global X Hydrogen ETF,Miscellaneous Sector,103197304.0,50790.0,illiquid,规模 1.03 亿美元 ≤ 2 亿,
IAI,iShares U.S. Broker-Dealers & S,Financial,1409411330.0,76234.0,illiquid,3 月日均量 7.6 万股 ≤ 10 万股,
IAK,iShares U.S. Insurance ETF,Financial,510626048.0,136438.0,dedup,同主题「保险」，代表为 KIE State Street SPDR S&P Insurance,保险
IAT,iShares U.S. Regional Banks ETF,Financial,641526020.0,158341.0,dedup,同主题「区域银行」，代表为 KRE State Street SPDR S&P Regional ,区域银行
IBAT,iShares Energy Storage & Materi,Miscellaneous Sector,68132208.0,27923.0,illiquid,规模 0.68 亿美元 ≤ 2 亿,
IBB,iShares Biotechnology ETF,Health,10474939400.0,1614742.0,dedup,同主题「生物科技」，代表为 XBI State Street SPDR S&P Biotech E,生物科技
IBBQ,Invesco Nasdaq Biotechnology ET,Health,96311824.0,30577.0,illiquid,规模 0.96 亿美元 ≤ 2 亿,
ICF,iShares Select U.S. REIT ETF,Real Estate,2046449020.0,179388.0,dedup,同主题「房地产REIT」，代表为 IYR iShares U.S. Real Estate ETF,房地产REIT
ICLN,iShares Global Clean Energy ETF,Miscellaneous Sector,2181427460.0,6336019.0,,,清洁能源
ICOP,iShares Copper and Metals Minin,Natural Resources,506422016.0,114498.0,dedup,同主题「铜矿」，代表为 COPX Global X Copper Miners ETF,铜矿
IDEF,iShares Defense Industrials and,Industrials,4416389100.0,518847.0,dedup,同主题「国防航天」，代表为 ITA iShares U.S. Aerospace & Defens,国防航天
IDGT,iShares U.S. Digital Infrastruc,Technology,516230560.0,37295.0,illiquid,3 月日均量 3.7 万股 ≤ 10 万股,
IDNA,iShares Genomics Immunology and,Health,256700672.0,86869.0,illiquid,3 月日均量 8.7 万股 ≤ 10 万股,
IDRV,iShares Self-Driving EV and Tec,Industrials,151765264.0,126841.0,illiquid,规模 1.52 亿美元 ≤ 2 亿,
IDU,iShares U.S. Utilities ETF,Utilities,1296625540.0,140506.0,dedup,同主题「公用事业」，代表为 XLU State Street Utilities Select S,公用事业
IEO,iShares U.S. Oil & Gas Explorat,Equity Energy,622159810.0,98233.0,illiquid,3 月日均量 9.8 万股 ≤ 10 万股,
IETC,iShares U.S. Tech Independence ,Technology,698839170.0,33465.0,illiquid,3 月日均量 3.3 万股 ≤ 10 万股,
IEZ,iShares U.S. Oil Equipment & Se,Equity Energy,394298240.0,319126.0,dedup,同主题「油服」，代表为 OIH VanEck Oil Services ETF,油服
IFRA,iShares U.S. Infrastructure ETF,Infrastructure,4193918460.0,427587.0,dedup,同主题「美国基建」，代表为 PAVE Global X U.S. Infrastructure De,美国基建
IGE,iShares North American Natural ,Natural Resources,763613380.0,174561.0,dedup,同主题「自然资源」，代表为 GNR State Street SPDR S&P Global Na,自然资源
IGF,iShares Global Infrastructure E,Infrastructure,10484185100.0,817503.0,,,全球基建
IGM,iShares Expanded Tech Sector ET,Technology,10659639300.0,344560.0,dedup,同主题「科技综合」，代表为 XLK State Street Technology Select ,科技综合
IGPT,Invesco AI and Next Gen Softwar,Technology,1217449090.0,179841.0,dedup,同主题「人工智能」，代表为 BAI iShares A.I. Innovation and Tec,人工智能
IGV,iShares Expanded Tech-Software ,Technology,15741521900.0,12904625.0,,,软件
IHAK,iShares Cybersecurity and Tech ,Technology,1103216510.0,166465.0,dedup,同主题「网络安全」，代表为 CIBR First Trust NASDAQ Cybersecurit,网络安全
IHE,iShares U.S. Pharmaceutical ETF,Health,1662381950.0,268907.0,dedup,同主题「制药」，代表为 PPH VanEck Pharmaceutical ETF,制药
IHF,iShares U.S. Health Care Provid,Health,1227321600.0,517182.0,,,医疗服务
IHI,iShares U.S. Medical Devices ET,Health,3473586690.0,2824676.0,,,医疗器械
IPAY,Amplify Digital Payments ETF,Miscellaneous Sector,179721376.0,63528.0,illiquid,规模 1.80 亿美元 ≤ 2 亿,
ITA,iShares U.S. Aerospace & Defens,Industrials,13628640300.0,680398.0,,,国防航天
ITB,iShares U.S. Home Construction ,Consumer Cyclical,2360223740.0,1952961.0,,,住宅建造
IVES,Dan IVES Wedbush AI Revolution ,Technology,1073759620.0,391960.0,dedup,同主题「人工智能」，代表为 BAI iShares A.I. Innovation and Tec,人工智能
IXC,iShares Global Energy ETF,Equity Energy,2844199680.0,802422.0,dedup,同主题「能源」，代表为 XLE State Street Energy Select Sect,能源
IXG,iShares Global Financial ETF,Financial,697207620.0,62866.0,illiquid,3 月日均量 6.3 万股 ≤ 10 万股,
IXJ,iShares Global Healthcare ETF,Health,4282349570.0,238109.0,dedup,同主题「医疗保健」，代表为 XLV State Street Health Care Select,医疗保健
IXN,iShares Global Tech ETF,Technology,9665907700.0,404707.0,dedup,同主题「科技综合」，代表为 XLK State Street Technology Select ,科技综合
IXP,iShares Global Comm Services ET,Communications,466986912.0,52458.0,illiquid,3 月日均量 5.2 万股 ≤ 10 万股,
IYC,iShares U.S. Consumer Discretio,Consumer Cyclical,1194078460.0,94380.0,illiquid,3 月日均量 9.4 万股 ≤ 10 万股,
IYE,iShares U.S. Energy ETF,Equity Energy,1854785020.0,795900.0,dedup,同主题「能源」，代表为 XLE State Street Energy Select Sect,能源
IYF,iShares U.S. Financial ETF,Financial,4285226750.0,380592.0,dedup,同主题「金融」，代表为 XLF State Street Financial Select S,金融
IYG,iShares U.S. Financial Services,Financial,2218036990.0,92409.0,illiquid,3 月日均量 9.2 万股 ≤ 10 万股,
IYH,iShares U.S. Healthcare ETF,Health,3863850500.0,698077.0,dedup,同主题「医疗保健」，代表为 XLV State Street Health Care Select,医疗保健
IYJ,iShares U.S. Industrials ETF,Industrials,1926198140.0,125011.0,dedup,同主题「工业」，代表为 XLI State Street Industrial Select ,工业
IYK,iShares U.S. Consumer Staples E,Consumer Defensive,1406885500.0,183404.0,dedup,同主题「必需消费」，代表为 XLP State Street Consumer Staples S,必需消费
IYM,iShares U.S. Basic Materials ET,Natural Resources,1104552700.0,208515.0,dedup,同主题「材料」，代表为 XLB State Street Materials Select S,材料
IYR,iShares U.S. Real Estate ETF,Real Estate,4394973200.0,5272742.0,,,房地产REIT
IYT,iShares U.S. Transportation ETF,Industrials,2204334590.0,682571.0,,,运输
IYW,iShares U.S. Technology ETF,Technology,25215428600.0,546869.0,dedup,同主题「科技综合」，代表为 XLK State Street Technology Select ,科技综合
IYZ,iShares U.S. Telecommunications,Communications,1231090690.0,1062482.0,,,电信
JEDI,Defiance Drone and Modern Warfa,Technology,195602416.0,215592.0,illiquid,规模 1.96 亿美元 ≤ 2 亿,
JETS,U.S. Global Jets ETF,Industrials,765059520.0,3023334.0,,,航空运输
JTEK,JPMorgan U.S. Tech Leaders ETF,Technology,4543209500.0,276385.0,dedup,同主题「科技综合」，代表为 XLK State Street Technology Select ,科技综合
JXI,iShares Global Utilities ETF,Utilities,299284832.0,45615.0,illiquid,3 月日均量 4.6 万股 ≤ 10 万股,
KARS,KraneShares Electric Vehicles a,Industrials,80595432.0,21888.0,illiquid,规模 0.81 亿美元 ≤ 2 亿,
KBE,State Street SPDR S&P Bank ETF,Financial,1621131650.0,1462357.0,dedup,同主题「银行」，代表为 KBWB Invesco KBW Bank ETF,银行
KBWB,Invesco KBW Bank ETF,Financial,6766699500.0,1671242.0,,,银行
KBWD,Invesco KBW High Dividend Yield,Financial,413288640.0,409341.0,not_carrier,按高股息率筛选金融股，成分跨子行业，驱动力是利率,
KBWY,Invesco KBW Premium Yield Equit,Real Estate,315177632.0,181752.0,not_carrier,按股息率筛选 REIT，聚合逻辑是收益率不是地产业态,
KCE,State Street SPDR S&P Capital M,Financial,482743040.0,24434.0,illiquid,3 月日均量 2.4 万股 ≤ 10 万股,
KDEF,PLUS Korea Defense Industry Ind,Industrials,112938248.0,56869.0,illiquid,规模 1.13 亿美元 ≤ 2 亿,
KIE,State Street SPDR S&P Insurance,Financial,600121730.0,1204395.0,,,保险
KOID,KraneShares Global Humanoid Rob,Technology,333726816.0,174949.0,dedup,同主题「机器人」，代表为 BOTZ Global X Robotics & Artificial ,机器人
KOMP,State Street SPDR S&P Kensho Ne,Miscellaneous Sector,2665272060.0,72966.0,illiquid,3 月日均量 7.3 万股 ≤ 10 万股,
KRE,State Street SPDR S&P Regional ,Financial,4010872830.0,12653463.0,,,区域银行
KWH,GMO Power Infrastructure ETF,Infrastructure,57536064.0,51172.0,illiquid,规模 0.58 亿美元 ≤ 2 亿,
KXI,iShares Global Consumer Staples,Consumer Defensive,1087263870.0,103401.0,dedup,同主题「必需消费」，代表为 XLP State Street Consumer Staples S,必需消费
LAZR,Tema Photonics & Optical ETF,Technology,0.0,156805.0,illiquid,规模 0.00 亿美元 ≤ 2 亿,
LIT,Global X Lithium & Battery Tech,Natural Resources,1643735300.0,234850.0,,,锂电池
LNGX,Global X U.S. Natural Gas ETF,Equity Energy,0.0,13274.0,illiquid,规模 0.00 亿美元 ≤ 2 亿,
LPRE,Long Pond Real Estate Select ET,Real Estate,178742416.0,25917.0,illiquid,规模 1.79 亿美元 ≤ 2 亿,
LYTE,Roundhill Photonics & Optics ET,Technology,317558816.0,2303815.0,fetch_failed,样本仅 32 天,
MAGS,Roundhill Magnificent Seven ETF,Technology,4275175940.0,4255863.0,not_carrier,固定持有七只超大市值股，跨行业按市值聚合，不代表任何产业方向,
METV,Roundhill Ball Metaverse ETF,Technology,223885376.0,50696.0,illiquid,3 月日均量 5.1 万股 ≤ 10 万股,
MGNR,American Beacon Select Funds Am,Natural Resources,1296076540.0,196061.0,dedup,同主题「自然资源」，代表为 GNR State Street SPDR S&P Global Na,自然资源
MISL,First Trust Indxx Aerospace & D,Industrials,728223360.0,89177.0,illiquid,3 月日均量 8.9 万股 ≤ 10 万股,
MJ,ETFMG Alternative Harvest ETF,Miscellaneous Sector,117986064.0,36082.0,illiquid,规模 1.18 亿美元 ≤ 2 亿,
MOO,VanEck Agribusiness ETF,Natural Resources,1055637500.0,292623.0,,,农业
MORT,VanEck Mortgage REIT Income ETF,Real Estate,362236160.0,1150576.0,dedup,同主题「抵押REIT」，代表为 REM iShares Mortgage Real Estate ET,抵押REIT
MSOS,AdvisorShares Pure US Cannabis ,Miscellaneous Sector,973578560.0,4653566.0,,,大麻
MXI,iShares Global Materials ETF,Natural Resources,392117088.0,32884.0,illiquid,3 月日均量 3.3 万股 ≤ 10 万股,
NANR,State Street SPDR S&P North Ame,Natural Resources,847078460.0,30907.0,illiquid,3 月日均量 3.1 万股 ≤ 10 万股,
NATO,THEMES TRANSATLANTIC DEFENSE ET,Industrials,99856040.0,22466.0,illiquid,规模 1.00 亿美元 ≤ 2 亿,
NBDS,Neuberger Disrupters ETF,Technology,184088816.0,25817.0,illiquid,规模 1.84 亿美元 ≤ 2 亿,
NCLD,Roundhill Neocloud ETF,Technology,0.0,910668.0,illiquid,规模 0.00 亿美元 ≤ 2 亿,
NFRA,Northern Trust STOXX Global Bro,Infrastructure,3077518340.0,77006.0,illiquid,3 月日均量 7.7 万股 ≤ 10 万股,
NIKL,Sprott Nickel Miners ETF,Natural Resources,59846756.0,61547.0,illiquid,规模 0.60 亿美元 ≤ 2 亿,
NLR,VanEck Uranium and Nuclear ETF,Natural Resources,4171431680.0,389711.0,dedup,同主题「铀与核能」，代表为 URA Global X Uranium ETF,铀与核能
NUKZ,Range Nuclear Renaissance Index,Miscellaneous Sector,756118340.0,100047.0,dedup,同主题「铀与核能」，代表为 URA Global X Uranium ETF,铀与核能
OIH,VanEck Oil Services ETF,Equity Energy,2016612480.0,280895.0,,,油服
OZEM,Roundhill GLP-1 & Weight Loss E,Health,63573852.0,21234.0,illiquid,规模 0.64 亿美元 ≤ 2 亿,
PAVE,Global X U.S. Infrastructure De,Infrastructure,13504796700.0,1753680.0,,,美国基建
PBDC,Putnam BDC Income ETF,Financial,317789760.0,93136.0,illiquid,3 月日均量 9.3 万股 ≤ 10 万股,
PBE,Invesco Biotechnology & Genome ,Health,470568832.0,27596.0,illiquid,3 月日均量 2.8 万股 ≤ 10 万股,
PBEU,Portfolio Building Block Europe,Financial,463271552.0,152274.0,not_carrier,欧洲地域配置模块，按地区而非产业聚合,
PBJ,Invesco Food & Beverage ETF,Consumer Defensive,92502912.0,28360.0,illiquid,规模 0.93 亿美元 ≤ 2 亿,
PBOG,Portfolio Building Block Integr,Equity Energy,470245120.0,87307.0,illiquid,3 月日均量 8.7 万股 ≤ 10 万股,
PBPH,Portfolio Building Block World ,Health,1024493310.0,141506.0,dedup,同主题「医疗保健」，代表为 XLV State Street Health Care Select,医疗保健
PEJ,Invesco Leisure and Entertainme,Consumer Cyclical,422541632.0,71711.0,illiquid,3 月日均量 7.2 万股 ≤ 10 万股,
PHO,Invesco Water Resources ETF,Natural Resources,2025786620.0,78385.0,illiquid,3 月日均量 7.8 万股 ≤ 10 万股,
PICK,iShares MSCI Global Select Meta,Natural Resources,2583474690.0,720517.0,dedup,同主题「金属矿业」，代表为 XME State Street SPDR S&P Metals & ,金属矿业
PINK,Simplify Health Care ETF,Health,373686560.0,83074.0,illiquid,3 月日均量 8.3 万股 ≤ 10 万股,
PJP,Invesco Pharmaceuticals ETF,Health,532488992.0,38355.0,illiquid,3 月日均量 3.8 万股 ≤ 10 万股,
PKB,Invesco Building & Construction,Industrials,337537664.0,35344.0,illiquid,3 月日均量 3.5 万股 ≤ 10 万股,
POW,VistaShares Electrification Sup,Industrials,0.0,51080.0,illiquid,规模 0.00 亿美元 ≤ 2 亿,
POWR,iShares U.S. Power Infrastructu,Infrastructure,0.0,237069.0,illiquid,规模 0.00 亿美元 ≤ 2 亿,
PPA,Invesco Aerospace & Defense ETF,Industrials,8030932000.0,188485.0,dedup,同主题「国防航天」，代表为 ITA iShares U.S. Aerospace & Defens,国防航天
PPH,VanEck Pharmaceutical ETF,Health,1033076350.0,249742.0,,,制药
PRN,Invesco Dorsey Wright Industria,Industrials,369715136.0,44114.0,illiquid,3 月日均量 4.4 万股 ≤ 10 万股,
PSCE,Invesco S&P SmallCap Energy ETF,Equity Energy,109885448.0,21576.0,illiquid,规模 1.10 亿美元 ≤ 2 亿,
PSCH,Invesco S&P SmallCap Health Car,Health,183911968.0,26282.0,illiquid,规模 1.84 亿美元 ≤ 2 亿,
PSCT,Invesco S&P SmallCap Informatio,Technology,483967808.0,41598.0,illiquid,3 月日均量 4.2 万股 ≤ 10 万股,
PSI,Invesco Semiconductors ETF,Technology,2381718270.0,399663.0,dedup,同主题「半导体」，代表为 SOXX iShares PHLX SOX Semiconductor ,半导体
PSIL,AdvisorShares Psychedelics ETF,Miscellaneous Sector,55609064.0,44523.0,illiquid,规模 0.56 亿美元 ≤ 2 亿,
PSP,Invesco Global Listed Private E,Financial,248328384.0,32484.0,illiquid,3 月日均量 3.2 万股 ≤ 10 万股,
PTF,Invesco Dorsey Wright Technolog,Technology,558932800.0,139852.0,not_carrier,按价格动量选科技股，聚合逻辑是交易特征——若入池等于用涨幅定义主题,
PTH,Invesco Dorsey Wright Healthcar,Health,269747200.0,62138.0,illiquid,3 月日均量 6.2 万股 ≤ 10 万股,
PXE,Invesco Energy Exploration & Pr,Equity Energy,98724568.0,23131.0,illiquid,规模 0.99 亿美元 ≤ 2 亿,
PXI,Invesco Dorsey Wright Energy Mo,Equity Energy,55367444.0,21665.0,illiquid,规模 0.55 亿美元 ≤ 2 亿,
PXJ,Invesco Oil & Gas Services ETF,Equity Energy,73322448.0,69873.0,illiquid,规模 0.73 亿美元 ≤ 2 亿,
QCLN,First Trust NASDAQ Clean Edge G,Miscellaneous Sector,557574780.0,192117.0,dedup,同主题「清洁能源」，代表为 ICLN iShares Global Clean Energy ETF,清洁能源
QQQ,纳斯达克100,基准,,,,,基准·QQQ
QTEC,First Trust NASDAQ-100-Technolo,Technology,4732751900.0,264788.0,dedup,同主题「科技综合」，代表为 XLK State Street Technology Select ,科技综合
QTUM,Defiance Quantum ETF,Technology,5561583100.0,390774.0,,,量子计算
RACK,VanEck Data Center Supply Chain,Technology,60859816.0,38712.0,illiquid,规模 0.61 亿美元 ≤ 2 亿,
REM,iShares Mortgage Real Estate ET,Real Estate,540219260.0,493079.0,,,抵押REIT
REMX,VanEck Rare Earth and Strategic,Natural Resources,2290166270.0,671168.0,,,稀土与关键材料
REXC,Sprott Rare Earths Ex-China ETF,Natural Resources,76240368.0,142069.0,illiquid,规模 0.76 亿美元 ≤ 2 亿,
REZ,iShares Residential and Multise,Real Estate,848989760.0,49695.0,illiquid,3 月日均量 5.0 万股 ≤ 10 万股,
RIET,Hoya Capital High Dividend Yiel,Real Estate,109145872.0,93896.0,illiquid,规模 1.09 亿美元 ≤ 2 亿,
RING,iShares MSCI Global Gold Miners,Equity Precious Metals,2516190720.0,780517.0,dedup,同主题「金矿」，代表为 GDX VanEck Gold Miners ETF,金矿
ROBO,ROBO Global Robotics and Automa,Technology,2062910850.0,177880.0,dedup,同主题「机器人」，代表为 BOTZ Global X Robotics & Artificial ,机器人
ROBT,First Trust Nasdaq Artificial I,Technology,789512510.0,39588.0,illiquid,3 月日均量 4.0 万股 ≤ 10 万股,
ROKT,State Street SPDR S&P Kensho Fi,Industrials,193732992.0,23106.0,illiquid,规模 1.94 亿美元 ≤ 2 亿,
RSPD,Invesco S&P 500 Equal Weight Co,Consumer Cyclical,310740576.0,107061.0,dedup,同主题「可选消费」，代表为 XLY State Street Consumer Discretio,可选消费
RSPF,Invesco S&P 500 Equal Weight Fi,Financial,312644480.0,48584.0,illiquid,3 月日均量 4.9 万股 ≤ 10 万股,
RSPG,Invesco S&P 500 Equal Weight En,Equity Energy,624382980.0,86031.0,illiquid,3 月日均量 8.6 万股 ≤ 10 万股,
RSPH,Invesco S&P 500 Equal Weight He,Health,832759870.0,135479.0,dedup,同主题「医疗保健」，代表为 XLV State Street Health Care Select,医疗保健
RSPM,Invesco S&P 500 Equal Weight Ma,Natural Resources,191341264.0,29607.0,illiquid,规模 1.91 亿美元 ≤ 2 亿,
RSPN,Invesco S&P 500 Equal Weight In,Industrials,1042707580.0,178539.0,dedup,同主题「工业」，代表为 XLI State Street Industrial Select ,工业
RSPS,Invesco S&P 500 Equal Weight Co,Consumer Defensive,249581216.0,190139.0,dedup,同主题「必需消费」，代表为 XLP State Street Consumer Staples S,必需消费
RSPT,Invesco S&P 500 Equal Weight Te,Technology,5898836000.0,640812.0,dedup,同主题「科技综合」，代表为 XLK State Street Technology Select ,科技综合
RSPU,Invesco S&P 500 Equal Weight Ut,Utilities,524186368.0,42734.0,illiquid,3 月日均量 4.3 万股 ≤ 10 万股,
RWR,State Street SPDR Dow Jones REI,Real Estate,1848601860.0,282079.0,dedup,同主题「房地产REIT」，代表为 IYR iShares U.S. Real Estate ETF,房地产REIT
RXI,iShares Global Consumer Discret,Consumer Cyclical,258157024.0,20146.0,illiquid,3 月日均量 2.0 万股 ≤ 10 万股,
SBIO,ALPS Medical Breakthroughs ETF,Health,239980512.0,44442.0,illiquid,3 月日均量 4.4 万股 ≤ 10 万股,
SCHH,Schwab U.S. REIT ETF,Real Estate,11197114400.0,6499604.0,dedup,同主题「房地产REIT」，代表为 IYR iShares U.S. Real Estate ETF,房地产REIT
SETM,Sprott Critical Materials ETF,Natural Resources,629382270.0,153544.0,dedup,同主题「稀土与关键材料」，代表为 REMX VanEck Rare Earth and Strategic,稀土与关键材料
SGDJ,Sprott Junior Gold Miners ETF,Equity Precious Metals,370845120.0,47606.0,illiquid,3 月日均量 4.8 万股 ≤ 10 万股,
SGDM,Sprott Gold Miners ETF,Equity Precious Metals,726838460.0,41058.0,illiquid,3 月日均量 4.1 万股 ≤ 10 万股,
SHLD,Global X Defense Tech ETF,Industrials,7239792100.0,1065166.0,dedup,同主题「国防航天」，代表为 ITA iShares U.S. Aerospace & Defens,国防航天
SIL,Global X Silver Miners ETF,Equity Precious Metals,5261147600.0,1141431.0,dedup,同主题「银矿」，代表为 SILJ Amplify Junior Silver Miners ET,银矿
SILJ,Amplify Junior Silver Miners ET,Equity Precious Metals,4132843260.0,3813157.0,,,银矿
SKYY,First Trust Cloud Computing ETF,Technology,3388826880.0,276350.0,,,云计算
SLVP,iShares MSCI Global Silver and ,Equity Precious Metals,1015361860.0,279847.0,dedup,同主题「银矿」，代表为 SILJ Amplify Junior Silver Miners ET,银矿
SLVR,Sprott Silver Miners & Physical,Equity Precious Metals,800680000.0,132860.0,dedup,同主题「银矿」，代表为 SILJ Amplify Junior Silver Miners ET,银矿
SLX,VanEck Steel ETF,Natural Resources,173218192.0,25050.0,illiquid,规模 1.73 亿美元 ≤ 2 亿,
SMH,VanEck Semiconductor ETF,Technology,67787031000.0,9795171.0,dedup,同主题「半导体」，代表为 SOXX iShares PHLX SOX Semiconductor ,半导体
SMHX,VanEck Fabless Semiconductor ET,Technology,250329968.0,76517.0,illiquid,3 月日均量 7.7 万股 ≤ 10 万股,
SOXQ,Invesco PHLX Semiconductor ETF,Technology,2961325570.0,2031725.0,dedup,同主题「半导体」，代表为 SOXX iShares PHLX SOX Semiconductor ,半导体
SOXX,iShares PHLX SOX Semiconductor ,Technology,41810907000.0,9001877.0,,,半导体
SPRE,SP Funds S&P Global REIT Sharia,Real Estate,212041888.0,65804.0,illiquid,3 月日均量 6.6 万股 ≤ 10 万股,
SPRX,Spear Alpha ETF,Technology,214159024.0,90690.0,illiquid,3 月日均量 9.1 万股 ≤ 10 万股,
SPTE,SP Funds S&P Global Technology ,Technology,232678448.0,54331.0,illiquid,3 月日均量 5.4 万股 ≤ 10 万股,
SPY,标普500,基准,,,,,基准·SPY
SRET,Global X SuperDividend REIT ETF,Real Estate,229155808.0,35004.0,illiquid,3 月日均量 3.5 万股 ≤ 10 万股,
SRVR,Pacer Data & Infrastructure Rea,Real Estate,350922464.0,98422.0,illiquid,3 月日均量 9.8 万股 ≤ 10 万股,
TAN,Invesco Solar ETF,Miscellaneous Sector,1054457340.0,1005511.0,,,太阳能
TCAI,Tortoise AI Infrastructure ETF,Infrastructure,230074784.0,85619.0,illiquid,3 月日均量 8.6 万股 ≤ 10 万股,
TDIV,First Trust NASDAQ Technology D,Technology,4417735200.0,159614.0,not_carrier,按股息率在科技股中二次筛选，聚合逻辑是分红政策不是技术路线,
THNQ,ROBO Global Artificial Intellig,Technology,447954656.0,24295.0,illiquid,3 月日均量 2.4 万股 ≤ 10 万股,
TNGY,Tortoise Energy ETF,Equity Energy,585841920.0,82533.0,illiquid,3 月日均量 8.3 万股 ≤ 10 万股,
TRFK,Pacer Data and Digital Revoluti,Technology,1044962180.0,162030.0,,,数据革命
TRUC,VanEck Communication Services T,Communications,63234872.0,37800.0,illiquid,规模 0.63 亿美元 ≤ 2 亿,
TRUD,VanEck Consumer Discretionary T,Consumer Cyclical,61776940.0,61295.0,illiquid,规模 0.62 亿美元 ≤ 2 亿,
TRUT,VanEck Technology TruSector ETF,Technology,205350864.0,188353.0,dedup,同主题「科技综合」，代表为 XLK State Street Technology Select ,科技综合
TTEQ,T. Rowe Price Technology ETF,Technology,447695168.0,103795.0,dedup,同主题「科技综合」，代表为 XLK State Street Technology Select ,科技综合
TURF,T. Rowe Price Natural Resources,Natural Resources,329086528.0,102204.0,dedup,同主题「自然资源」，代表为 GNR State Street SPDR S&P Global Na,自然资源
UFO,Procure Space ETF,Miscellaneous Sector,557151040.0,456876.0,dedup,同主题「太空」，代表为 ARKX ARK Space & Defense Innovation ,太空
UFOX,Defiance Space and Connective T,Technology,855106430.0,33146.0,illiquid,3 月日均量 3.3 万股 ≤ 10 万股,
UNHG,Leverage Shares 2X Long UNH Dai,Industrials,62965664.0,690839.0,asset_class,杠杆/反向产品，按杠杆倍数聚合而非按产业,
URA,Global X Uranium ETF,Natural Resources,6418248700.0,3184136.0,,,铀与核能
URNJ,Sprott Junior Uranium Miners ET,Natural Resources,395162336.0,296249.0,dedup,同主题「铀与核能」，代表为 URA Global X Uranium ETF,铀与核能
URNM,Sprott Uranium Miners ETF,Natural Resources,2204943100.0,547793.0,dedup,同主题「铀与核能」，代表为 URA Global X Uranium ETF,铀与核能
USRT,iShares Core U.S. REIT ETF,Real Estate,4570247200.0,551068.0,dedup,同主题「房地产REIT」，代表为 IYR iShares U.S. Real Estate ETF,房地产REIT
UTES,Virtus Reaves Utilities ETF,Utilities,1221149060.0,146847.0,dedup,同主题「公用事业」，代表为 XLU State Street Utilities Select S,公用事业
VAW,Vanguard Materials ETF,Natural Resources,4541496800.0,56085.0,illiquid,3 月日均量 5.6 万股 ≤ 10 万股,
VCR,Vanguard Consumer Discretion ET,Consumer Cyclical,6632338900.0,53195.0,illiquid,3 月日均量 5.3 万股 ≤ 10 万股,
VDC,Vanguard Consumer Staples ETF,Consumer Defensive,9253007400.0,157050.0,dedup,同主题「必需消费」，代表为 XLP State Street Consumer Staples S,必需消费
VDE,Vanguard Energy ETF,Equity Energy,13265611800.0,543695.0,dedup,同主题「能源」，代表为 XLE State Street Energy Select Sect,能源
VEGI,iShares MSCI Agriculture Produc,Natural Resources,155867520.0,47296.0,illiquid,规模 1.56 亿美元 ≤ 2 亿,
VFH,Vanguard Financials ETF,Financial,14771595300.0,519069.0,dedup,同主题「金融」，代表为 XLF State Street Financial Select S,金融
VGT,Vanguard Information Tech ETF,Technology,170651173000.0,4011666.0,dedup,同主题「科技综合」，代表为 XLK State Street Technology Select ,科技综合
VHT,Vanguard Health Care ETF,Health,22042636300.0,238458.0,dedup,同主题「医疗保健」，代表为 XLV State Street Health Care Select,医疗保健
VIS,Vanguard Industrials ETF,Industrials,8561797600.0,109079.0,dedup,同主题「工业」，代表为 XLI State Street Industrial Select ,工业
VNQ,Vanguard Real Estate ETF,Real Estate,70822863000.0,3218987.0,dedup,同主题「房地产REIT」，代表为 IYR iShares U.S. Real Estate ETF,房地产REIT
VOX,Vanguard Communication Services,Communications,5934089200.0,315204.0,dedup,同主题「通信服务」，代表为 XLC State Street Communication Serv,通信服务
VPU,Vanguard Utilities ETF,Utilities,10076388400.0,275430.0,dedup,同主题「公用事业」，代表为 XLU State Street Utilities Select S,公用事业
WCBR,WisdomTree Cybersecurity Fund,Technology,137343280.0,61955.0,illiquid,规模 1.37 亿美元 ≤ 2 亿,
WCLD,WisdomTree Cloud Computing Fund,Technology,366981408.0,822592.0,dedup,同主题「云计算」，代表为 SKYY First Trust Cloud Computing ETF,云计算
WDEF,WisdomTree Europe Defense Fund,Industrials,98841016.0,32609.0,illiquid,规模 0.99 亿美元 ≤ 2 亿,
WEEI,Westwood Salient Enhanced Energ,Equity Energy,105408832.0,45546.0,illiquid,规模 1.05 亿美元 ≤ 2 亿,
WOOD,iShares Global Timber & Forestr,Natural Resources,270820800.0,23374.0,illiquid,3 月日均量 2.3 万股 ≤ 10 万股,
WQTM,WisdomTree Quantum Computing Fu,Technology,336713376.0,237188.0,dedup,同主题「量子计算」，代表为 QTUM Defiance Quantum ETF,量子计算
WTAI,WisdomTree Artificial Intellige,Technology,714667390.0,330131.0,dedup,同主题「人工智能」，代表为 BAI iShares A.I. Innovation and Tec,人工智能
XAIX,Xtrackers Artificial Intelligen,Technology,173397248.0,25561.0,illiquid,规模 1.73 亿美元 ≤ 2 亿,
XAR,State Street SPDR S&P Aerospace,Industrials,5850784800.0,230684.0,dedup,同主题「国防航天」，代表为 ITA iShares U.S. Aerospace & Defens,国防航天
XBI,State Street SPDR S&P Biotech E,Health,11404576800.0,8666887.0,,,生物科技
XES,State Street SPDR S&P Oil & Gas,Equity Energy,398253952.0,77852.0,illiquid,3 月日均量 7.8 万股 ≤ 10 万股,
XHB,State Street SPDR S&P Homebuild,Consumer Cyclical,1331822720.0,2157057.0,dedup,同主题「住宅建造」，代表为 ITB iShares U.S. Home Construction ,住宅建造
XHE,State Street SPDR S&P Health Ca,Health,180695152.0,27477.0,illiquid,规模 1.81 亿美元 ≤ 2 亿,
XHS,State Street SPDR S&P Health Ca,Health,212743856.0,31407.0,illiquid,3 月日均量 3.1 万股 ≤ 10 万股,
XLB,State Street Materials Select S,Natural Resources,8752943100.0,11094112.0,,,材料
XLC,State Street Communication Serv,Communications,22430177300.0,5648785.0,,,通信服务
XLE,State Street Energy Select Sect,Equity Energy,41438106000.0,29540098.0,,,能源
XLF,State Street Financial Select S,Financial,54592369000.0,31620920.0,,,金融
XLI,State Street Industrial Select ,Industrials,31947403300.0,6831507.0,,,工业
XLK,State Street Technology Select ,Technology,121437733000.0,8241784.0,,,科技综合
XLP,State Street Consumer Staples S,Consumer Defensive,14524716000.0,10513747.0,,,必需消费
XLRE,State Street Real Estate Select,Real Estate,8312176100.0,5139779.0,dedup,同主题「房地产REIT」，代表为 IYR iShares U.S. Real Estate ETF,房地产REIT
XLU,State Street Utilities Select S,Utilities,21836873700.0,20017006.0,,,公用事业
XLV,State Street Health Care Select,Health,43909784000.0,9175703.0,,,医疗保健
XLY,State Street Consumer Discretio,Consumer Cyclical,22749814800.0,7053425.0,,,可选消费
XME,State Street SPDR S&P Metals & ,Natural Resources,4885382700.0,1982166.0,,,金属矿业
XNTK,State Street SPDR NYSE Technolo,Technology,1889899780.0,54280.0,illiquid,3 月日均量 5.4 万股 ≤ 10 万股,
XOP,State Street SPDR S&P Oil & Gas,Equity Energy,3986409220.0,3076552.0,,,油气勘探
XPH,State Street SPDR S&P Pharmaceu,Health,586917380.0,141684.0,dedup,同主题「制药」，代表为 PPH VanEck Pharmaceutical ETF,制药
XRT,State Street SPDR S&P Retail ET,Consumer Cyclical,362040704.0,4076239.0,,,零售
XSD,State Street SPDR S&P Semicondu,Technology,2594918660.0,107226.0,dedup,同主题「半导体」，代表为 SOXX iShares PHLX SOX Semiconductor ,半导体
XSW,State Street SPDR S&P Software ,Technology,509260864.0,48179.0,illiquid,3 月日均量 4.8 万股 ≤ 10 万股,
XT,iShares Future Exponential Tech,Technology,3964617220.0,71292.0,illiquid,3 月日均量 7.1 万股 ≤ 10 万股,
XTL,State Street SPDR S&P Telecom E,Communications,598791740.0,63531.0,illiquid,3 月日均量 6.4 万股 ≤ 10 万股,
XTN,State Street SPDR S&P Transport,Industrials,360320544.0,84253.0,illiquid,3 月日均量 8.4 万股 ≤ 10 万股,
YNOT,Horizon Digital Frontier ETF,Technology,195124256.0,52604.0,illiquid,规模 1.95 亿美元 ≤ 2 亿,
ZAP,Global X U.S. Electrification E,Utilities,451247872.0,110068.0,,,电气化
