代码,名称,日期,收盘,ret5,ret20,ret60,位置分位,距250日高,ma20,ma60,趋势结构,量能比,amt20,样本天数,折算修正,RS5,RS20,RS60,板块,板块5日资金净额_亿,板块当日广度_%,板块当日涨跌_%
sh588170,科创半导体ETF华夏,2026-09-18,1.019,13.85,0.69,-15.29,62.8,-27.06,0.956,1.0401,均线纠缠偏空,0.8,4812849568.8,356,1,100.0,74.4,26.5,半导体,-35.27,51.6,0.23
sh588710,科创半导体设备ETF华泰柏瑞,2026-09-18,1.054,13.82,0.86,-19.41,57.6,-30.78,0.9882,1.1112,均线纠缠偏空,0.78,1010786889.7,319,1,99.1,77.8,16.2,半导体,-35.27,51.6,0.23
sz159516,半导体设备ETF国泰,2026-09-18,0.729,11.64,0.0,-11.08,69.3,-21.39,0.6919,0.7409,均线纠缠偏空,0.6,2902158286.25,765,2,98.3,65.8,29.1,半导体,-35.27,51.6,0.23
sh588200,科创芯片ETF嘉实,2026-09-18,1.184,8.72,0.94,-30.77,38.6,-37.07,1.1363,1.3033,均线纠缠偏空,0.5,2580843143.55,949,1,97.4,80.3,0.9,半导体,-35.27,51.6,0.23
sh512480,半导体ETF国联安,2026-09-18,1.041,8.44,-0.1,-23.13,49.2,-29.73,1.0043,1.1091,均线纠缠偏空,0.61,1198584830.9,1767,2,96.6,63.2,8.5,半导体,-35.27,51.6,0.23
sh589070,科创芯片设计ETF天弘,2026-09-18,1.071,8.07,0.94,-24.26,33.0,-30.59,1.0352,1.1335,均线纠缠偏空,1.21,287044603.65,160,0,95.7,80.3,6.8,半导体,-35.27,51.6,0.23
sh588160,科创新材料ETF南方,2026-09-18,1.096,7.56,-0.45,-23.73,40.2,-29.65,1.0549,1.138,均线纠缠偏空,1.22,208420300.45,949,0,94.9,60.7,7.7,,,,
sz159546,集成电路ETF国泰,2026-09-18,0.777,7.47,0.39,-26.7,40.7,-31.96,0.7519,0.8355,均线纠缠偏空,0.64,49758138.7,710,1,94.0,67.9,1.7,半导体,-35.27,51.6,0.23
sh588830,科创新能源ETF鹏华,2026-09-18,1.193,7.09,-5.39,-20.57,11.5,-33.69,1.1817,1.2475,均线纠缠偏空,0.88,79541757.2,513,0,93.2,21.4,12.8,电池,24.34,48.6,0.12
sz159995,芯片ETF华夏,2026-09-18,1.152,6.96,-0.6,-26.15,42.9,-31.88,1.1176,1.2456,均线纠缠偏空,0.53,644758612.45,1608,1,92.3,56.8,2.6,半导体,-35.27,51.6,0.23
sz159665,半导体龙头ETF工银,2026-09-18,2.437,6.84,-0.49,-25.13,45.1,-30.9,2.3621,2.6123,均线纠缠偏空,0.49,41205916.95,898,0,91.5,59.8,5.1,半导体,-35.27,51.6,0.23
sh520510,港股通医疗ETF华夏,2026-09-18,0.959,6.44,-2.44,29.59,59.6,-14.68,0.9464,0.89,多头排列,1.9,393771662.45,273,0,90.6,40.2,100.0,,,,
sh589720,科创创新药ETF国泰,2026-09-18,0.879,6.42,-7.96,9.87,41.4,-19.06,0.8832,0.9154,空头排列,0.52,578372076.7,277,0,89.7,10.3,75.2,化学制药,18.48,97.5,4.67
sh588790,科创AIETF博时,2026-09-18,0.782,6.39,0.64,-18.29,17.5,-25.24,0.7657,0.8342,均线纠缠偏空,0.46,205440912.1,412,1,88.9,71.4,19.7,软件开发,4.14,91.3,2.4
sz159366,港股医疗ETF永赢,2026-09-18,1.462,6.25,-2.79,29.5,59.1,-15.05,1.4457,1.3595,多头排列,1.6,272975032.0,352,0,88.0,35.9,99.1,,,,
sh588760,科创人工智能ETF广发,2026-09-18,0.74,6.17,0.54,-18.5,17.4,-25.4,0.7254,0.7905,均线纠缠偏空,0.44,134055487.7,402,1,87.2,69.7,18.8,软件开发,4.14,91.3,2.4
sz159892,恒生医药ETF华夏,2026-09-18,0.798,5.28,-2.56,27.88,51.1,-18.4,0.7985,0.7575,均线纠缠偏多,0.67,587470674.8,1197,0,86.3,39.3,97.4,,,,
sh513120,港股创新药ETF广发,2026-09-18,1.293,5.21,-2.78,28.02,52.9,-18.01,1.2964,1.2276,均线纠缠偏多,0.76,5605254512.05,1019,0,85.5,36.8,98.3,,,,
sz159102,港股通生物科技ETF华安,2026-09-18,0.83,5.2,-2.58,27.11,54.0,-16.33,0.8293,0.7882,多头排列,0.48,39970973.1,245,0,84.6,38.0,95.7,,,,
sz159105,恒生生物科技ETF易方达,2026-09-18,0.94,5.15,-2.99,27.2,65.5,-10.9,0.9416,0.894,均线纠缠偏多,0.6,93454699.45,217,0,83.8,35.0,96.6,,,,
sz159707,地产ETF华宝,2026-09-18,0.493,5.12,1.23,13.86,21.3,-32.09,0.4804,0.4725,多头排列,0.85,65477028.65,1179,0,82.9,83.8,86.3,房地产,0.85,93.0,3.68
sh588130,科创医药ETF华夏,2026-09-18,0.992,5.08,-7.46,8.53,21.1,-23.81,0.9974,1.0248,空头排列,0.85,77842977.45,323,0,82.1,14.1,73.5,化学制药,18.48,97.5,4.67
sh513200,港股通医药ETF易方达,2026-09-18,1.065,4.82,-3.71,25.15,45.8,-20.52,1.0708,1.022,均线纠缠偏多,0.54,126206304.15,1120,0,81.2,31.6,94.9,,,,
sz159939,信息技术ETF广发,2026-09-18,1.114,4.8,0.54,-19.74,47.1,-24.83,1.0852,1.158,均线纠缠偏空,0.4,30326174.3,2825,1,80.3,69.7,14.5,IT服务,-3.12,81.9,1.5
sz159663,机床ETF华夏,2026-09-18,0.996,4.73,-0.6,-22.73,48.1,-26.0,0.9765,1.0364,均线纠缠偏空,0.52,74497123.5,949,1,79.5,56.8,9.4,通用设备,11.44,81.3,1.74
sz159859,生物医药ETF天弘,2026-09-18,0.392,4.53,-5.54,16.67,52.2,-14.41,0.3915,0.3907,多头排列,0.57,143705763.95,1264,0,78.6,20.5,91.5,生物制品,6.63,98.2,4.64
sz159997,电子ETF天弘,2026-09-18,2.114,4.5,0.67,-20.59,48.1,-26.19,2.0587,2.2072,均线纠缠偏空,0.81,96331697.35,1579,0,77.8,73.5,12.0,,,,
sz159667,工业母机ETF国泰,2026-09-18,0.663,4.41,-1.04,-24.49,45.5,-27.86,0.6509,0.6943,均线纠缠偏空,0.45,129713920.4,949,1,76.9,54.7,6.0,通用设备,11.44,81.3,1.74
sz159206,卫星ETF永赢,2026-09-18,1.385,4.37,2.29,-17.17,25.3,-37.07,1.3477,1.4189,均线纠缠偏空,0.25,346987534.8,372,0,76.1,90.6,22.2,军工电子,-1.17,82.0,1.58
sh515880,通信ETF国泰,2026-09-18,0.704,4.3,3.99,-16.42,61.6,-22.02,0.6657,0.6851,均线纠缠偏多,0.69,3001529953.1,1706,2,75.2,93.2,23.9,通信设备,-66.79,78.0,1.77
sz159506,港股通创新药医疗ETF富国,2026-09-18,1.265,4.29,-4.24,22.58,34.3,-26.11,1.2821,1.2406,均线纠缠偏多,0.67,489285738.3,783,0,74.4,29.9,93.2,,,,
sh513060,恒生医疗ETF博时,2026-09-18,0.571,4.2,-3.38,23.33,37.8,-24.07,0.5744,0.5517,均线纠缠偏多,0.54,415884594.85,1331,0,73.5,32.5,94.0,,,,
sz159837,生物科技ETF易方达,2026-09-18,0.494,4.0,-5.0,14.09,47.3,-15.12,0.495,0.4932,均线纠缠偏多,0.56,30193313.65,1369,0,72.6,25.6,87.2,生物制品,6.63,98.2,4.64
sz159992,创新药ETF银华,2026-09-18,0.835,3.99,-6.49,10.89,45.7,-15.4,0.8426,0.8611,空头排列,0.5,733197712.25,1565,0,71.4,16.2,76.9,化学制药,18.48,97.5,4.67
sh512930,AI人工智能ETF平安,2026-09-18,0.625,3.99,0.64,-15.54,44.9,-21.19,0.6098,0.6578,均线纠缠偏空,0.52,108664935.6,1716,1,71.4,71.4,24.8,软件开发,4.14,91.3,2.4
sh512170,医疗ETF华宝,2026-09-18,0.34,3.98,-2.58,14.86,46.2,-14.36,0.3384,0.3321,多头排列,0.55,377543566.65,1764,1,70.1,38.0,88.9,医疗服务,21.15,98.2,5.1
sz159131,港股通信息技术ETF华宝,2026-09-18,0.98,3.92,0.93,-8.24,59.7,-13.43,0.962,0.9752,均线纠缠偏多,0.52,1208404824.5,209,0,69.2,78.6,30.8,,,,
sz159819,人工智能ETF易方达,2026-09-18,1.762,3.83,0.74,-15.21,47.8,-21.06,1.7196,1.8526,均线纠缠偏空,0.51,355514969.35,1452,0,68.4,75.6,27.4,软件开发,4.14,91.3,2.4
sz159732,消费电子ETF华夏,2026-09-18,1.362,3.81,-1.52,-25.78,39.9,-29.06,1.3344,1.4407,均线纠缠偏空,0.54,321196135.85,1231,0,67.5,50.4,3.4,消费电子,-23.49,80.2,1.93
sh512200,房地产ETF南方,2026-09-18,1.23,3.71,1.82,3.27,20.1,-25.68,1.2142,1.1997,多头排列,0.89,157965245.85,2181,0,66.7,87.2,59.0,房地产,0.85,93.0,3.68
sz159530,机器人ETF易方达,2026-09-18,1.305,3.49,-1.88,-12.42,12.1,-26.52,1.3039,1.3855,均线纠缠偏空,0.39,462599683.2,647,0,65.8,47.0,28.2,自动化设备,1.35,59.6,0.63
sh515000,科技ETF华宝,2026-09-18,1.278,3.31,-0.08,-21.79,47.3,-25.35,1.2498,1.3401,均线纠缠偏空,0.57,144880209.5,1721,1,65.0,64.1,10.3,,,,
sz159570,港股通创新药ETF汇添富,2026-09-18,1.41,2.99,-4.73,16.92,24.1,-31.49,1.4455,1.4248,均线纠缠偏空,0.48,1720623798.9,645,0,64.1,27.4,92.3,,,,
sh515790,光伏ETF华泰柏瑞,2026-09-18,0.815,2.77,-4.34,-18.74,7.5,-31.11,0.8175,0.8527,空头排列,0.38,109928540.65,1396,0,63.2,29.1,17.9,光伏设备,-0.44,77.8,1.12
sz159566,储能电池ETF易方达,2026-09-18,1.759,2.75,-6.34,-19.5,7.6,-29.27,1.784,1.8692,空头排列,0.59,245838433.9,632,0,62.4,17.1,15.4,电池,24.34,48.6,0.12
sh515400,大数据ETF富国,2026-09-18,0.84,2.69,-1.87,-1.06,11.0,-27.4,0.8461,0.8709,空头排列,0.39,76508318.85,1374,0,61.5,47.9,47.0,IT服务,-3.12,81.9,1.5
sh516510,云计算ETF易方达,2026-09-18,1.639,2.44,-2.09,-1.15,25.7,-19.58,1.6445,1.6927,空头排列,0.44,107092646.25,1325,0,60.7,43.6,46.2,IT服务,-3.12,81.9,1.5
sh513310,中韩半导体ETF华泰柏瑞,2026-09-18,4.84,2.33,-0.21,-25.19,61.5,-27.62,4.756,5.0774,均线纠缠偏空,0.83,9400977563.7,908,0,59.8,62.4,4.3,,,,
sh520500,恒生创新药ETF华泰柏瑞,2026-09-18,1.365,2.32,-5.73,16.07,20.5,-34.88,1.4075,1.3966,均线纠缠偏空,0.48,1002357684.45,420,0,59.0,19.7,90.6,,,,
sh512010,医药ETF易方达,2026-09-18,0.373,2.19,-3.87,11.34,41.4,-16.74,0.3761,0.3764,空头排列,0.42,294635351.45,2703,1,58.1,30.8,77.8,化学制药,18.48,97.5,4.67
sz159852,软件ETF嘉实,2026-09-18,0.659,1.85,-2.37,-1.05,3.8,-37.83,0.6674,0.6842,空头排列,0.55,379894711.3,1360,0,57.3,41.9,47.9,软件开发,4.14,91.3,2.4
sz159998,计算机ETF天弘,2026-09-18,0.944,1.83,-2.38,-6.63,10.2,-20.07,0.9543,0.986,空头排列,0.4,64354440.65,1564,0,56.4,41.0,32.5,软件开发,4.14,91.3,2.4
sh513360,教育ETF博时,2026-09-18,0.468,1.74,1.52,14.71,32.4,-21.08,0.4702,0.4546,均线纠缠偏多,0.5,44060734.3,1277,0,55.6,84.6,88.0,,,,
sz159326,电网设备ETF华夏,2026-09-18,1.665,1.59,-1.3,-20.11,42.4,-26.26,1.6552,1.7,均线纠缠偏空,0.42,436231054.6,492,0,54.7,51.3,13.7,电网设备,-16.55,85.1,1.37
sz159262,港股通科技ETF广发,2026-09-18,0.814,1.5,-6.33,0.87,4.0,-37.34,0.8246,0.8543,空头排列,0.45,234497791.5,296,0,53.8,17.9,53.8,,,,
sh513130,恒生科技ETF华泰柏瑞,2026-09-18,0.546,1.49,-7.46,2.25,4.0,-36.51,0.5557,0.5773,空头排列,0.62,1786615456.7,1289,0,53.0,14.1,57.3,,,,
sz159883,医疗器械ETF永赢,2026-09-18,0.431,1.41,-3.15,7.21,18.0,-23.45,0.4369,0.4345,均线纠缠偏空,0.47,56578650.65,1308,0,52.1,33.3,68.4,医疗器械,2.7,94.2,3.43
sh516160,新能源ETF南方,2026-09-18,2.334,1.39,-7.86,-19.21,3.7,-31.01,2.3849,2.5052,空头排列,0.5,109372944.45,1363,0,51.3,11.1,17.1,电池,24.34,48.6,0.12
sh516150,稀土ETF嘉实,2026-09-18,1.66,1.34,-5.25,-17.7,14.9,-28.05,1.6941,1.745,空头排列,0.48,110723171.25,1339,0,50.4,23.9,20.5,小金属,6.13,83.3,2.02
sz159747,香港科技ETF南方,2026-09-18,1.118,1.27,-7.53,5.47,9.3,-33.69,1.1395,1.1706,空头排列,0.23,32905580.4,1259,0,49.6,12.8,61.5,,,,
sh513980,港股科技ETF景顺,2026-09-18,0.584,1.21,-7.01,5.99,9.9,-34.01,0.5944,0.6025,空头排列,0.46,233013479.0,1267,0,48.7,15.4,65.0,,,,
sz159755,电池ETF广发,2026-09-18,0.877,1.15,-8.84,-17.5,3.0,-30.94,0.9042,0.9538,空头排列,0.58,258782111.05,1273,0,47.9,4.3,21.4,电池,24.34,48.6,0.12
sh515030,新能源车ETF华夏,2026-09-18,1.503,1.08,-8.58,-15.37,2.8,-31.74,1.5572,1.6304,空头排列,0.95,117622359.55,1591,0,47.0,6.0,25.6,电池,24.34,48.6,0.12
sz159636,港股通科技30ETF工银,2026-09-18,0.495,1.02,-8.5,7.84,10.5,-38.24,0.5071,0.5182,空头排列,0.29,217451294.45,1013,1,46.2,6.8,69.2,,,,
sz159840,锂电池ETF工银,2026-09-18,0.709,1.0,-8.99,-16.88,2.8,-30.35,0.7309,0.7685,空头排列,0.58,63953666.5,1232,0,45.3,3.4,23.1,电池,24.34,48.6,0.12
sh562800,稀有金属ETF嘉实,2026-09-18,0.882,0.92,-8.32,-20.75,30.4,-28.93,0.9149,0.9466,空头排列,0.43,171649992.6,1208,0,44.4,7.7,11.1,小金属,6.13,83.3,2.02
sz159851,金融科技ETF华宝,2026-09-18,0.603,0.84,-1.15,-3.21,8.7,-37.84,0.6211,0.6162,均线纠缠偏空,0.6,263746369.25,1337,1,43.6,52.1,41.9,IT服务,-3.12,81.9,1.5
sh520840,港股通恒生科技ETF华安,2026-09-18,0.733,0.83,-6.03,3.53,5.7,-36.15,0.7438,0.7647,空头排列,0.45,32674806.45,261,0,42.7,18.8,60.7,,,,
sh560080,中药ETF汇添富,2026-09-18,0.928,0.32,-3.13,7.91,24.5,-18.38,0.9488,0.9667,空头排列,0.46,41895854.25,956,0,41.9,34.2,70.1,中药,4.52,97.1,3.26
sz159980,有色ETF大成,2026-09-18,2.166,0.23,0.84,6.39,81.7,-4.5,2.1619,2.124,多头排列,1.13,404571232.15,1635,0,40.6,76.9,66.7,工业金属,-15.41,64.2,0.45
sh516620,影视ETF国泰,2026-09-18,0.859,0.23,6.31,6.71,14.9,-38.51,0.8541,0.835,多头排列,0.87,51265095.95,1184,0,40.6,99.1,67.5,,,,
sh515170,食品饮料ETF华夏,2026-09-18,0.457,0.22,-1.08,6.28,14.8,-25.45,0.4632,0.4628,均线纠缠偏空,0.44,68365507.2,1379,0,39.3,53.0,65.8,饮料制造,0.67,97.9,2.43
sz159309,油气ETF汇添富,2026-09-18,1.437,0.07,0.07,10.2,50.7,-22.37,1.4316,1.3605,多头排列,1.84,77458247.5,551,0,38.5,66.7,76.1,油气开采及服务,-3.05,94.4,2.91
sh511850,招商财富宝ETF,2026-09-18,100.008,-0.0,-0.01,0.0,33.3,-0.04,100.0055,100.0048,多头排列,0.68,47223026.1,1325,0,37.2,65.0,50.0,,,,
sh513770,港股互联网ETF华宝,2026-09-18,0.333,0.0,-8.26,5.71,5.3,-49.16,0.3428,0.3566,空头排列,0.54,310746745.45,1115,1,37.2,8.5,63.2,,,,
sh512880,证券ETF国泰,2026-09-18,1.057,-0.09,-0.56,-4.52,19.2,-18.19,1.0806,1.0993,空头排列,0.5,1760338951.75,2458,0,35.9,59.0,39.3,证券,-10.91,100.0,1.41
sh520600,港股通汽车ETF广发,2026-09-18,0.95,-0.11,-10.21,-2.56,3.7,-32.91,0.9858,1.0227,空头排列,0.63,106196141.25,419,0,35.0,1.7,43.6,,,,
sh512000,券商ETF华宝,2026-09-18,0.505,-0.2,-0.59,-4.54,20.0,-18.15,0.5167,0.5254,空头排列,0.61,965457221.85,2431,1,34.2,58.1,38.5,证券,-10.91,100.0,1.41
sh512690,酒ETF鹏华,2026-09-18,0.411,-0.24,-1.91,5.93,11.4,-34.55,0.4203,0.4209,空头排列,0.35,369935847.75,1793,2,33.3,46.2,64.1,白酒,-3.63,94.7,2.5
sz159870,化工ETF鹏华,2026-09-18,0.771,-0.26,-4.93,-9.93,29.8,-21.41,0.7972,0.8013,空头排列,0.49,363196148.25,1349,0,32.5,26.5,29.9,化学制品,-0.42,91.6,2.47
sh560710,船舶ETF富国,2026-09-18,0.973,-0.31,8.35,12.88,47.0,-15.24,0.9387,0.8995,多头排列,1.28,76939980.9,150,0,31.6,100.0,83.8,,,,
sz159792,港股通互联网ETF富国,2026-09-18,0.54,-0.37,-8.63,5.68,5.2,-49.53,0.5585,0.5813,空头排列,0.46,1312075206.35,1207,0,30.8,5.1,62.4,,,,
sz159745,建材ETF国泰,2026-09-18,0.519,-0.57,-1.7,-5.81,3.6,-31.44,0.5318,0.5337,空头排列,0.65,42018762.3,1277,0,29.9,48.7,37.2,建筑材料,0.24,91.7,2.25
sh513750,港股通非银ETF广发,2026-09-18,1.512,-0.59,-0.33,8.7,23.8,-20.42,1.5412,1.5125,均线纠缠偏空,0.43,504758510.65,684,0,29.1,61.5,74.4,,,,
sh512660,军工ETF国泰,2026-09-18,1.16,-0.6,4.79,-6.53,16.7,-31.03,1.1411,1.1508,均线纠缠偏多,0.73,303701359.45,2458,0,28.2,95.7,33.3,军工装备,-35.19,88.8,1.95
sh515210,钢铁ETF国泰,2026-09-18,1.138,-0.7,-1.98,0.0,5.9,-32.1,1.1667,1.1584,均线纠缠偏空,0.57,75278160.35,1593,0,27.4,45.3,50.0,钢铁,-4.21,90.5,1.42
sh513090,香港证券ETF易方达,2026-09-18,1.799,-0.83,-1.53,3.21,16.1,-23.32,1.8495,1.8366,均线纠缠偏空,0.44,3341413001.1,1575,0,26.5,49.6,58.1,,,,
sh512980,传媒ETF广发,2026-09-18,0.815,-0.85,0.74,2.0,12.4,-38.35,0.8253,0.8225,均线纠缠偏空,0.55,280274886.35,2103,0,25.6,75.6,56.4,文化传媒,-11.79,86.7,1.81
sh513330,恒生互联网ETF华夏,2026-09-18,0.346,-0.86,-9.9,3.28,3.9,-44.1,0.3602,0.3769,空头排列,0.61,1104733160.9,1361,0,24.8,2.6,59.8,,,,
sh512070,证券保险ETF易方达,2026-09-18,0.781,-0.89,0.39,1.3,15.5,-21.43,0.7987,0.7985,均线纠缠偏空,0.47,436106608.35,2704,1,23.9,67.9,54.7,,,,
sh560860,工业有色ETF万家,2026-09-18,1.548,-0.9,-5.09,-3.79,35.8,-28.7,1.6054,1.583,均线纠缠偏空,0.5,276476010.35,857,0,23.1,24.8,40.2,工业金属,-15.41,64.2,0.45
sz159928,消费ETF汇添富,2026-09-18,0.652,-0.91,-1.06,8.13,17.1,-26.74,0.6657,0.6617,均线纠缠偏空,0.52,251552191.55,3163,1,22.2,53.8,72.6,,,,
sz159625,绿色电力ETF嘉实,2026-09-18,1.211,-0.98,2.54,0.75,17.8,-15.2,1.2101,1.2109,均线纠缠偏多,0.82,33972301.6,1067,0,21.4,92.3,52.1,电力,-17.24,60.8,0.38
sz159697,石油ETF鹏华,2026-09-18,1.319,-1.12,-2.01,8.03,37.9,-25.4,1.3335,1.2855,均线纠缠偏多,0.74,48410687.45,823,0,20.5,44.4,71.8,油气开采及服务,-3.05,94.4,2.91
sh562550,绿电ETF华夏,2026-09-18,1.133,-1.13,1.89,0.44,16.7,-17.18,1.1376,1.1396,空头排列,0.8,79110507.65,847,0,19.7,88.9,51.3,电力,-17.24,60.8,0.38
sh561330,矿业ETF国泰,2026-09-18,0.916,-1.19,-7.75,-2.14,35.9,-29.32,0.9596,0.9361,均线纠缠偏空,0.67,58190164.15,945,1,18.8,12.0,44.4,,,,
sh512400,有色金属ETF南方,2026-09-18,1.732,-1.25,-11.0,-5.82,23.7,-33.26,1.8587,1.8345,均线纠缠偏空,0.56,998631053.5,2197,0,17.9,0.9,35.9,工业金属,-15.41,64.2,0.45
sh510230,金融ETF国泰,2026-09-18,1.326,-1.27,1.69,7.98,43.2,-9.43,1.3392,1.3075,均线纠缠偏多,0.85,92467084.5,3726,1,17.1,86.3,70.9,,,,
sz159611,电力ETF广发,2026-09-18,1.04,-1.33,1.56,0.78,16.2,-17.26,1.0455,1.0474,空头排列,0.65,344649862.95,1140,0,16.2,85.5,53.0,电力,-17.24,60.8,0.38
sh512800,银行ETF华宝,2026-09-18,0.835,-1.42,2.45,11.93,82.8,-2.45,0.8373,0.807,均线纠缠偏多,0.88,907809901.45,2218,1,15.4,91.5,80.3,银行,13.14,58.3,0.21
sh513190,港股通金融ETF华夏,2026-09-18,1.841,-1.45,2.28,13.29,76.5,-3.76,1.8502,1.7721,均线纠缠偏多,1.19,496793585.75,717,0,14.5,89.7,85.5,,,,
sz159869,游戏ETF华夏,2026-09-18,1.08,-1.46,0.65,1.31,12.2,-36.47,1.0943,1.096,空头排列,0.44,414060509.6,1347,0,13.7,72.6,55.6,游戏,-6.79,91.3,1.62
sh517900,银行AH优选ETF招商,2026-09-18,1.568,-1.57,1.88,12.89,85.7,-2.18,1.5707,1.5087,均线纠缠偏多,1.02,37928781.45,1090,0,12.8,88.0,84.6,,,,
sz159766,旅游ETF富国,2026-09-18,0.549,-1.79,-0.9,-0.36,5.6,-34.41,0.5635,0.5592,均线纠缠偏空,0.83,168154256.5,1252,0,12.0,55.6,48.7,旅游及酒店,-4.43,100.0,2.83
sh512670,国防ETF鹏华,2026-09-18,0.786,-2.0,4.94,-6.32,20.8,-28.93,0.7778,0.7733,多头排列,0.6,73492226.4,1731,1,11.1,97.0,34.2,军工装备,-35.19,88.8,1.95
sh513070,港股通消费ETF易方达,2026-09-18,1.026,-2.01,-8.15,-1.35,0.4,-30.86,1.0734,1.0945,空头排列,0.46,58542570.8,1091,0,10.3,9.4,45.3,,,,
sz159731,石化ETF华夏,2026-09-18,0.899,-2.07,-5.37,-2.81,38.4,-19.73,0.9381,0.9236,均线纠缠偏空,0.84,52098971.2,1158,0,9.4,23.1,42.7,石油加工贸易,-7.75,92.6,1.96
sz159825,农业ETF富国,2026-09-18,0.732,-2.14,1.1,12.27,30.0,-20.52,0.7499,0.723,均线纠缠偏多,0.97,117444679.55,1389,0,8.5,82.1,82.1,种植业与林业,-1.5,93.3,2.68
sh516670,畜牧养殖ETF招商,2026-09-18,0.604,-2.58,1.17,11.85,30.4,-20.53,0.6179,0.602,均线纠缠偏多,0.77,43188706.3,1332,0,7.7,82.9,79.5,,,,
sz159865,养殖ETF国泰,2026-09-18,0.535,-2.73,0.94,11.46,27.4,-22.01,0.5487,0.535,均线纠缠偏空,0.87,222787516.4,1346,0,6.8,80.3,78.6,养殖业,-1.94,94.4,2.46
sz159267,航天ETF华安,2026-09-18,0.868,-2.8,4.33,-6.97,11.6,-40.26,0.8655,0.866,均线纠缠偏多,0.57,88920888.0,277,0,6.0,94.0,31.6,军工装备,-35.19,88.8,1.95
sz159227,航空航天ETF华夏,2026-09-18,1.026,-2.84,4.48,-6.13,13.0,-39.0,1.0206,1.0193,多头排列,0.43,160954258.7,331,0,5.1,94.9,35.0,军工装备,-35.19,88.8,1.95
sh560280,工程机械ETF广发,2026-09-18,1.443,-2.89,-5.38,-5.81,2.5,-24.29,1.496,1.5266,空头排列,0.42,87929743.2,704,0,4.3,22.2,37.2,工程机械,0.79,85.3,1.2
sh512710,军工龙头ETF富国,2026-09-18,0.637,-2.9,4.94,-3.34,13.2,-34.93,0.6313,0.6293,多头排列,0.64,271130193.55,1714,1,3.4,97.0,41.0,军工装备,-35.19,88.8,1.95
sz159930,能源ETF汇添富,2026-09-18,1.679,-2.95,-4.6,12.01,59.1,-12.87,1.7397,1.6704,均线纠缠偏多,0.93,103766061.7,3159,0,2.6,28.2,81.2,,,,
sh515220,煤炭ETF国泰,2026-09-18,1.249,-3.33,-2.19,15.54,55.0,-12.66,1.3038,1.2269,均线纠缠偏多,0.66,879500396.45,1593,1,1.7,42.7,89.7,煤炭开采加工,-8.85,97.1,2.39
sz159698,粮食ETF鹏华,2026-09-18,0.944,-3.77,5.24,12.78,32.3,-21.85,0.9675,0.8954,均线纠缠偏多,1.91,214538307.35,749,0,0.9,98.3,82.9,种植业与林业,-1.5,93.3,2.68
