代码,名称,市场,可交易,链上卡位,日期,基准日期,现价,ret20,ret60,基准ret20,基准ret60,位置分位,距250日高,ma20,ma60,趋势结构,量能比,ATR20_%,日均成交额_万,硬止损_%,止损价,建议仓位_%,超额20,超额60
CRM,Salesforce,US,True,席位制叙事头号受害者,2026-09-21,2026-09-21,236.42,13.23,57.69,3.64,26.39,75.6,-10.59,244.207,200.49,均线纠缠偏多,1.17,4.54,415204.5,12.0,208.05,16.7,9.59,31.3
ADBE,Adobe,US,True,生成式AI叙事下杀得最狠,2026-09-21,2026-09-21,249.52,-9.36,29.01,3.64,26.39,33.3,-31.03,267.67,249.676,均线纠缠偏空,1.1,3.95,146248.9,12.0,219.578,16.7,-13.0,2.62
WDAY,Workday,US,True,HR席位制,2026-09-21,2026-09-21,191.92,-4.04,68.69,3.64,26.39,58.7,-22.52,194.142,169.838,均线纠缠偏多,0.92,4.28,72177.2,12.0,168.89,16.7,-7.68,42.3
HUBS,HubSpot,US,True,中小企业CRM·席位制·跌幅大,2026-09-21,2026-09-21,213.86,-10.9,25.59,3.64,26.39,12.5,-58.86,240.211,224.941,均线纠缠偏空,1.75,5.88,38686.9,12.0,188.197,16.7,-14.54,-0.8
TEAM,Atlassian,US,True,开发者席位制,2026-09-21,2026-09-21,195.67,13.89,162.01,3.64,26.39,100.0,0.0,185.037,136.035,多头排列,1.3,4.6,69324.5,12.0,172.19,16.7,10.25,135.62
NOW,ServiceNow,US,True,AI变现最被认可·可能已不算错杀,2026-09-21,2026-09-21,137.68,7.16,53.8,3.64,26.39,51.5,-27.25,137.158,120.262,多头排列,0.75,4.67,215759.9,12.0,121.158,16.7,3.52,27.41
MDB,MongoDB,US,True,对照组·AI应用数据层,2026-09-21,2026-09-21,407.3,-5.46,38.49,3.64,26.39,73.6,-13.76,394.406,374.055,多头排列,0.8,5.57,78195.5,12.0,358.424,16.7,-9.1,12.1
DDOG,Datadog,US,True,对照组·AI负载可观测性,2026-09-21,2026-09-21,245.05,4.0,10.91,3.64,26.39,76.8,-14.96,226.732,245.704,均线纠缠偏空,0.75,4.84,83030.7,12.0,215.644,16.7,0.36,-15.48
PANW,PaloAlto,US,True,对照组·安全·AI带来增量而非替代,2026-09-21,2026-09-21,371.76,3.88,26.84,3.64,26.39,90.5,-6.12,354.938,350.692,多头排列,1.21,5.47,251130.1,12.0,327.149,16.7,0.24,0.45
